Version,Set,Item1,Item2,Item3,Item4,Item5,Item6
1,1,4,5,12,13,20,3
1,2,8,9,7,1,19,6
1,3,11,15,17,18,2,16
1,4,14,18,3,12,6,1
1,5,19,14,15,20,17,10
1,6,6,11,13,7,4,16
1,7,9,2,8,10,14,5
1,8,5,19,16,3,1,15
1,9,10,7,4,17,12,18
1,10,2,13,20,11,8,9
2,1,13,1,15,4,17,8
2,2,20,16,18,5,7,9
2,3,10,6,2,19,11,3
2,4,1,11,14,16,8,12
2,5,18,7,19,14,4,13
2,6,17,12,5,15,9,6
2,7,1,4,9,20,3,11
2,8,16,12,10,2,13,19
2,9,3,10,5,8,18,17
2,10,7,20,2,6,15,14
3,1,7,20,11,3,16,8
3,2,4,1,10,13,6,2
3,3,11,19,18,9,14,5
3,4,20,8,17,19,12,2
3,5,12,3,9,15,18,13
3,6,5,2,14,6,16,4
3,7,15,10,1,11,7,12
3,8,9,17,6,16,10,20
3,9,15,8,1,18,19,4
3,10,17,14,3,13,5,7
4,1,16,3,8,12,10,7
4,2,2,1,5,7,17,11
4,3,14,4,16,12,9,19
4,4,3,15,6,18,2,8
4,5,13,5,11,14,15,10
4,6,19,17,4,9,20,3
4,7,20,6,13,10,1,18
4,8,8,9,7,2,4,15
4,9,6,13,12,5,11,19
4,10,18,16,20,1,14,17
5,1,3,12,2,8,6,14
5,2,9,18,1,10,11,4
5,3,12,15,6,17,13,20
5,4,7,19,17,11,3,14
5,5,5,4,13,8,16,9
5,6,10,18,20,14,15,2
5,7,12,20,19,7,5,1
5,8,11,16,18,6,8,19
5,9,17,13,7,2,1,9
5,10,15,10,3,4,5,16
6,1,4,14,19,16,2,1
6,2,18,17,8,5,7,6
6,3,3,15,10,9,19,13
6,4,14,6,9,4,20,11
6,5,2,5,18,3,1,20
6,6,13,7,11,17,16,15
6,7,19,2,8,20,10,12
6,8,16,9,15,1,12,18
6,9,6,3,4,7,17,10
6,10,8,11,12,14,13,5
7,1,1,5,16,8,10,6
7,2,18,13,2,19,9,7
7,3,20,8,12,15,11,4
7,4,14,6,15,19,5,9
7,5,12,3,11,4,18,2
7,6,16,20,10,3,9,7
7,7,13,16,1,2,19,17
7,8,15,12,7,11,14,10
7,9,5,18,4,20,6,17
7,10,1,8,14,17,3,13
8,1,11,4,10,1,2,5
8,2,8,7,13,18,20,14
8,3,19,3,6,16,1,15
8,4,2,11,9,17,3,12
8,5,17,19,5,10,4,8
8,6,6,9,16,13,12,18
8,7,2,7,20,5,15,16
8,8,9,17,3,15,8,14
8,9,10,20,19,18,13,11
8,10,4,1,14,12,7,6
9,1,9,10,1,16,14,20
9,2,8,4,18,7,19,15
9,3,3,5,14,13,12,2
9,4,17,6,16,9,11,8
9,5,20,19,7,12,5,1
9,6,10,14,4,3,18,13
9,7,11,2,20,6,15,3
9,8,4,12,17,2,18,16
9,9,7,10,6,9,13,8
9,10,5,11,19,15,17,1
10,1,1,8,12,20,4,15
10,2,7,2,19,9,6,3
10,3,13,15,14,10,16,17
10,4,11,18,9,5,10,12
10,5,1,16,13,4,3,20
10,6,14,18,8,11,17,19
10,7,15,2,5,6,7,18
10,8,12,9,17,1,3,7
10,9,6,13,11,19,20,10
10,10,16,14,2,8,4,5
11,1,20,8,17,10,2,13
11,2,14,11,7,15,9,4
11,3,19,1,3,18,12,16
11,4,13,1,15,6,8,5
11,5,12,5,20,2,14,9
11,6,3,11,1,16,10,7
11,7,4,10,19,12,6,17
11,8,18,3,5,8,7,20
11,9,19,9,2,4,13,15
11,10,18,17,6,14,16,11
12,1,15,19,12,16,20,6
12,2,10,1,18,14,9,2
12,3,17,4,5,11,19,3
12,4,8,15,10,12,18,7
12,5,6,14,9,20,17,4
12,6,2,7,11,13,1,4
12,7,7,16,3,19,8,14
12,8,5,6,8,1,9,10
12,9,13,20,15,3,11,18
12,10,16,17,13,5,2,12
13,1,14,15,2,6,3,1
13,2,5,16,10,4,18,7
13,3,12,8,9,1,11,17
13,4,16,13,20,7,19,14
13,5,19,10,18,17,15,2
13,6,11,3,8,4,13,6
13,7,9,20,16,18,2,11
13,8,17,12,7,14,6,10
13,9,8,13,1,20,5,19
13,10,15,5,4,3,12,9
14,1,9,18,14,19,13,1
14,2,7,2,11,8,5,16
14,3,10,6,4,20,18,3
14,4,1,12,13,17,16,15
14,5,20,4,17,7,2,19
14,6,3,14,15,10,8,9
14,7,18,19,12,11,6,5
14,8,4,14,16,12,20,8
14,9,2,17,3,10,1,11
14,10,6,7,9,15,5,13
15,1,5,3,10,13,17,18
15,2,1,11,15,7,14,20
15,3,8,10,6,2,19,12
15,4,3,9,19,16,15,4
15,5,5,13,12,14,4,11
15,6,18,1,6,2,8,16
15,7,17,9,16,5,10,20
15,8,7,6,14,1,4,18
15,9,11,8,20,19,15,17
15,10,12,3,2,9,7,13
16,1,6,20,5,17,3,1
16,2,16,4,11,15,2,10
16,3,19,12,8,18,7,9
16,4,14,18,13,5,15,17
16,5,1,16,7,11,9,6
16,6,6,2,14,20,12,13
16,7,10,15,4,8,7,12
16,8,20,5,11,3,8,19
16,9,9,17,18,4,1,2
16,10,13,19,3,16,10,14
17,1,4,10,9,6,19,5
17,2,11,9,8,13,16,18
17,3,2,19,17,7,14,3
17,4,10,12,15,18,1,20
17,5,3,6,4,17,8,16
17,6,17,2,12,13,11,7
17,7,14,10,1,5,11,19
17,8,15,18,3,6,16,12
17,9,4,14,13,9,20,1
17,10,2,7,5,15,20,8
18,1,20,7,16,10,12,5
18,2,19,15,6,11,4,13
18,3,8,1,10,9,14,17
18,4,18,5,2,3,11,14
18,5,7,13,17,6,18,20
18,6,13,8,1,12,3,4
18,7,9,16,20,3,15,2
18,8,19,2,1,8,10,7
18,9,15,11,16,14,5,6
18,10,18,17,19,4,12,9
19,1,14,3,7,12,6,8
19,2,16,19,15,1,13,10
19,3,4,20,11,2,6,10
19,4,12,16,17,5,9,11
19,5,6,9,19,20,8,3
19,6,7,15,5,1,4,17
19,7,16,14,18,2,13,8
19,8,10,11,7,9,13,3
19,9,5,1,2,19,18,12
19,10,20,4,18,14,17,15
20,1,12,4,7,19,16,14
20,2,1,20,8,3,11,18
20,3,2,5,13,15,9,6
20,4,12,13,20,17,10,16
20,5,4,7,3,18,19,5
20,6,8,17,6,15,14,1
20,7,14,12,10,11,2,9
20,8,13,8,4,16,5,2
20,9,17,6,9,20,1,19
20,10,3,15,18,7,10,11
21,1,5,3,19,14,16,6
21,2,9,10,2,8,15,4
21,3,7,11,12,13,6,1
21,4,11,17,9,5,18,8
21,5,19,13,12,3,20,15
21,6,2,18,17,6,7,16
21,7,1,12,14,10,3,5
21,8,11,19,4,2,20,1
21,9,16,4,8,13,17,10
21,10,15,14,9,18,20,7
22,1,6,2,16,11,3,19
22,2,10,9,6,12,4,18
22,3,2,20,3,1,5,14
22,4,17,7,16,9,15,19
22,5,3,8,14,17,4,13
22,6,18,1,20,16,12,8
22,7,20,5,11,4,7,10
22,8,9,6,1,13,5,15
22,9,8,17,15,11,2,12
22,10,13,18,10,19,14,7
23,1,4,15,1,7,17,3
23,2,16,11,6,10,14,20
23,3,1,19,13,8,9,18
23,4,9,14,12,2,17,3
23,5,15,16,5,8,19,10
23,6,12,20,5,6,18,4
23,7,13,16,9,7,1,11
23,8,10,6,13,18,3,2
23,9,15,19,14,12,11,8
23,10,5,4,2,17,7,20
24,1,14,2,15,18,11,4
24,2,3,9,16,5,13,12
24,3,19,10,17,1,2,6
24,4,7,14,8,10,9,5
24,5,4,18,1,3,16,15
24,6,6,7,20,13,8,15
24,7,17,12,19,9,20,14
24,8,8,1,6,4,12,11
24,9,20,3,10,16,7,2
24,10,11,5,18,19,17,13
25,1,5,10,2,1,12,18
25,2,17,13,4,14,16,6
25,3,11,8,3,20,18,9
25,4,13,9,4,19,2,7
25,5,18,5,14,15,1,16
25,6,3,11,7,12,10,17
25,7,7,1,19,8,6,2
25,8,15,13,11,10,19,20
25,9,12,4,8,14,20,16
25,10,9,15,17,5,6,3
26,1,14,6,15,7,2,12
26,2,8,18,3,4,10,19
26,3,2,8,20,15,5,13
26,4,18,20,7,16,9,17
26,5,1,3,13,11,4,14
26,6,10,12,5,6,19,15
26,7,20,17,11,9,10,1
26,8,16,2,9,4,3,5
26,9,7,12,18,6,13,11
26,10,19,16,1,17,8,14
27,1,14,10,7,5,1,4
27,2,2,15,18,17,16,11
27,3,3,13,12,20,19,9
27,4,9,8,10,18,14,6
27,5,19,7,8,16,11,5
27,6,1,3,12,2,15,17
27,7,20,14,4,19,11,6
27,8,15,9,13,8,18,2
27,9,6,7,16,3,12,4
27,10,5,1,10,13,17,20
28,1,16,18,2,14,19,10
28,2,4,11,15,1,7,9
28,3,6,17,3,8,5,13
28,4,12,19,5,20,4,18
28,5,10,16,15,1,13,12
28,6,2,20,6,11,9,14
28,7,8,16,20,15,3,7
28,8,13,6,18,17,4,10
28,9,11,5,3,7,14,1
28,10,17,2,19,9,8,12
29,1,1,9,7,18,6,16
29,2,8,3,11,10,15,19
29,3,5,17,14,4,8,9
29,4,12,7,17,11,1,13
29,5,19,18,2,14,13,3
29,6,9,10,4,2,12,20
29,7,6,11,16,5,7,19
29,8,20,1,13,2,14,15
29,9,18,4,5,12,15,8
29,10,16,10,20,6,17,3
30,1,4,2,16,11,3,17
30,2,13,12,10,8,14,7
30,3,11,5,7,17,20,18
30,4,14,13,19,16,15,4
30,5,5,6,1,3,2,8
30,6,10,15,11,9,16,12
30,7,3,19,9,20,1,18
30,8,15,14,17,7,6,19
30,9,4,8,12,10,20,2
30,10,18,9,6,13,5,1
31,1,7,4,13,2,10,5
31,2,18,16,11,14,12,8
31,3,19,15,4,1,6,20
31,4,10,14,17,5,3,15
31,5,6,11,9,13,8,4
31,6,16,2,20,19,7,1
31,7,17,7,8,12,18,3
31,8,13,20,14,3,9,11
31,9,17,1,10,6,2,18
31,10,9,19,5,15,12,16
32,1,6,8,12,20,1,14
32,2,3,4,15,18,9,7
32,3,16,13,20,19,5,17
32,4,8,10,2,11,19,9
32,5,15,18,14,7,17,2
32,6,12,3,1,16,13,10
32,7,14,5,6,9,10,15
32,8,1,12,19,4,11,17
32,9,3,20,18,13,8,7
32,10,11,6,2,5,4,16
33,1,19,2,12,6,7,13
33,2,8,9,1,18,16,4
33,3,20,15,11,12,3,5
33,4,7,17,8,10,9,14
33,5,11,19,3,10,18,6
33,6,4,16,15,20,13,17
33,7,9,3,5,2,14,1
33,8,2,13,8,15,18,11
33,9,20,17,14,12,16,6
33,10,5,1,19,4,10,7
34,1,1,2,16,7,3,9
34,2,18,14,4,3,6,19
34,3,1,11,17,15,4,8
34,4,12,6,13,16,5,2
34,5,16,18,10,14,11,20
34,6,17,5,9,19,18,12
34,7,15,7,6,8,20,10
34,8,7,13,12,14,1,11
34,9,10,4,3,9,19,15
34,10,2,5,20,17,8,13
35,1,14,4,18,20,13,5
35,2,2,12,9,6,15,11
35,3,10,8,1,16,17,3
35,4,4,14,5,19,7,2
35,5,11,17,6,10,13,3
35,6,15,20,7,1,9,19
35,7,18,12,8,4,6,16
35,8,19,8,14,5,17,11
35,9,13,9,10,7,2,16
35,10,3,1,15,18,20,12
36,1,5,16,18,11,1,15
36,2,17,10,9,12,2,14
36,3,8,7,3,6,20,4
36,4,9,19,16,8,5,13
36,5,6,15,2,1,14,17
36,6,12,20,10,7,5,18
36,7,14,16,4,15,10,3
36,8,13,18,19,8,2,1
36,9,7,11,17,9,4,20
36,10,19,3,11,13,12,6
37,1,1,14,8,10,11,20
37,2,15,16,7,17,19,18
37,3,20,6,2,3,1,5
37,4,9,1,13,4,12,10
37,5,7,12,3,19,8,14
37,6,16,18,17,2,11,4
37,7,3,13,6,17,15,5
37,8,11,9,5,12,16,8
37,9,20,15,19,4,10,2
37,10,13,6,7,14,18,9
38,1,4,17,12,2,9,3
38,2,10,7,1,5,18,11
38,3,6,14,20,9,16,19
38,4,8,4,13,15,10,6
38,5,5,11,14,2,15,12
38,6,2,20,16,3,7,8
38,7,12,19,13,1,17,7
38,8,17,10,18,5,6,20
38,9,14,9,15,16,8,1
38,10,18,3,4,11,19,13
39,1,19,1,8,10,17,18
39,2,18,13,14,20,12,15
39,3,2,6,10,16,11,19
39,4,15,5,7,17,3,9
39,5,14,2,3,18,4,12
39,6,1,20,11,13,9,16
39,7,8,7,5,1,4,6
39,8,17,8,12,20,2,19
39,9,3,5,16,13,14,10
39,10,4,15,9,7,11,6
40,1,12,2,10,15,1,9
40,2,13,4,17,14,16,7
40,3,11,3,20,19,5,9
40,4,13,11,18,8,15,2
40,5,6,8,19,3,14,1
40,6,16,12,4,8,5,20
40,7,11,10,6,9,18,17
40,8,10,19,15,12,7,5
40,9,20,17,1,3,13,4
40,10,7,18,2,6,16,14
41,1,6,16,15,19,12,17
41,2,5,18,2,1,9,4
41,3,8,11,14,10,20,7
41,4,16,15,13,18,3,8
41,5,9,1,19,6,20,16
41,6,7,5,8,17,2,13
41,7,1,4,11,14,3,12
41,8,3,10,9,2,7,13
41,9,20,12,5,15,6,18
41,10,14,17,4,11,19,10
42,1,17,6,12,13,1,11
42,2,15,19,20,4,13,2
42,3,18,7,16,12,3,10
42,4,5,9,6,14,17,8
42,5,2,3,1,11,8,15
42,6,4,12,18,5,19,16
42,7,9,20,17,7,15,14
42,8,7,8,3,6,10,4
42,9,19,14,9,13,1,18
42,10,10,20,11,16,5,2
43,1,12,9,6,20,4,8
43,2,16,1,2,17,14,5
43,3,3,17,7,20,18,19
43,4,15,4,8,9,13,10
43,5,2,19,7,12,6,11
43,6,5,15,11,18,14,3
43,7,13,7,5,10,12,1
43,8,9,2,16,8,19,3
43,9,14,13,4,18,20,11
43,10,10,16,17,15,6,1
44,1,11,18,16,7,8,17
44,2,19,6,13,3,9,5
44,3,20,14,10,1,2,4
44,4,4,13,15,7,16,12
44,5,8,2,1,5,18,6
44,6,12,11,3,9,17,20
44,7,10,8,12,19,15,14
44,8,1,13,14,2,7,3
44,9,18,10,20,16,9,6
44,10,17,5,19,11,4,15
45,1,20,15,1,3,11,16
45,2,18,17,19,12,10,2
45,3,13,3,6,5,14,12
45,4,1,19,7,9,15,18
45,5,5,8,20,17,10,13
45,6,12,1,11,4,7,9
45,7,11,16,8,13,19,14
45,8,17,3,15,4,6,2
45,9,16,10,5,14,4,9
45,10,6,2,18,8,20,7
46,1,7,5,4,11,8,6
46,2,15,10,13,19,3,20
46,3,2,9,18,14,12,17
46,4,6,11,10,18,1,15
46,5,19,20,2,4,16,7
46,6,8,12,3,16,17,1
46,7,13,15,9,2,11,5
46,8,3,14,8,10,9,19
46,9,4,6,17,18,13,16
46,10,14,7,20,1,5,12
47,1,16,12,18,6,13,9
47,2,10,7,11,15,2,8
47,3,1,18,4,3,5,19
47,4,12,6,2,11,3,20
47,5,9,4,10,1,17,13
47,6,18,8,15,20,17,14
47,7,19,5,3,16,7,10
47,8,11,19,14,6,1,17
47,9,9,13,12,20,8,5
47,10,15,4,14,2,7,16
48,1,4,18,8,10,12,1
48,2,2,14,7,19,6,13
48,3,20,1,16,9,11,3
48,4,6,16,12,15,10,14
48,5,7,17,13,8,9,11
48,6,2,20,19,10,4,5
48,7,5,18,17,12,15,3
48,8,17,2,1,13,16,20
48,9,14,11,4,19,18,8
48,10,9,3,5,7,6,15
49,1,12,4,6,7,10,17
49,2,5,13,15,1,8,19
49,3,3,2,9,20,14,18
49,4,4,15,12,17,19,9
49,5,16,11,13,5,14,10
49,6,6,7,1,18,20,15
49,7,8,16,3,11,2,12
49,8,19,9,14,11,20,7
49,9,18,10,2,13,17,3
49,10,8,1,6,16,5,4
50,1,6,3,9,2,4,8
50,2,17,5,16,7,19,18
50,3,14,6,11,15,20,13
50,4,20,8,5,16,1,2
50,5,13,9,10,12,18,7
50,6,15,17,14,3,8,4
50,7,1,19,17,6,11,10
50,8,9,19,12,15,2,16
50,9,3,20,7,4,13,10
50,10,11,12,18,14,1,5
51,1,3,6,10,5,14,20
51,2,11,2,19,4,13,18
51,3,1,3,7,19,12,15
51,4,4,14,9,6,16,1
51,5,10,18,17,11,3,16
51,6,12,13,19,8,2,6
51,7,14,7,5,17,15,2
51,8,8,17,1,9,10,20
51,9,7,5,4,9,12,11
51,10,15,8,20,18,16,13
52,1,18,10,2,5,15,9
52,2,20,12,17,4,19,14
52,3,16,1,3,13,7,6
52,4,17,8,9,5,11,7
52,5,2,1,20,14,10,12
52,6,6,9,18,19,3,8
52,7,13,11,15,16,4,19
52,8,10,7,8,1,18,15
52,9,16,20,11,12,6,17
52,10,5,14,2,3,13,4
53,1,1,13,6,2,19,17
53,2,9,16,12,3,11,10
53,3,7,14,20,8,4,18
53,4,19,15,6,20,5,10
53,5,12,4,18,2,1,11
53,6,14,17,16,9,7,3
53,7,20,15,13,8,12,5
53,8,19,16,8,10,18,14
53,9,2,6,13,7,9,11
53,10,15,4,3,17,5,1
54,1,8,10,11,17,3,13
54,2,18,9,1,14,5,19
54,3,4,2,16,15,6,8
54,4,12,20,7,1,19,13
54,5,10,18,4,20,9,6
54,6,11,3,14,12,15,1
54,7,5,12,4,8,16,7
54,8,13,17,15,6,14,9
54,9,5,19,10,3,18,2
54,10,17,11,7,16,20,2
55,1,3,13,12,14,6,18
55,2,15,1,9,10,2,16
55,3,11,5,19,20,17,4
55,4,7,2,14,17,8,12
55,5,13,19,3,4,16,1
55,6,18,9,8,11,20,15
55,7,6,11,1,7,10,5
55,8,9,12,10,13,4,14
55,9,3,16,5,18,17,20
55,10,8,6,2,15,7,19
56,1,7,8,18,2,3,11
56,2,19,20,16,12,9,6
56,3,1,9,5,13,8,17
56,4,14,10,4,15,7,16
56,5,2,5,13,18,11,12
56,6,17,4,20,1,2,14
56,7,10,3,19,6,8,12
56,8,20,7,15,10,1,13
56,9,16,14,11,9,19,5
56,10,18,15,6,17,3,4
57,1,6,3,16,5,13,20
57,2,9,2,10,4,6,11
57,3,7,15,12,19,17,3
57,4,1,18,6,16,14,8
57,5,11,12,15,20,4,8
57,6,3,18,9,13,19,7
57,7,10,5,14,8,2,17
57,8,4,1,2,19,20,9
57,9,16,13,17,18,15,10
57,10,14,11,1,5,12,7
58,1,20,14,5,3,15,2
58,2,8,11,19,10,13,1
58,3,5,9,3,6,7,4
58,4,2,20,7,12,16,18
58,5,15,19,8,17,14,9
58,6,4,13,18,14,1,6
58,7,17,6,10,11,12,15
58,8,19,10,13,2,16,5
58,9,20,17,11,7,18,4
58,10,12,16,8,1,9,3
59,1,4,8,17,2,12,6
59,2,14,3,16,7,11,19
59,3,15,8,5,9,20,13
59,4,18,7,20,12,10,1
59,5,2,1,6,9,11,15
59,6,13,4,17,10,7,16
59,7,19,20,14,8,2,3
59,8,9,15,1,18,17,16
59,9,11,12,4,3,5,13
59,10,10,14,19,6,5,18
60,1,12,18,2,19,9,17
60,2,8,11,3,4,1,10
60,3,5,7,9,17,6,20
60,4,13,2,15,16,14,12
60,5,16,5,4,1,8,18
60,6,20,19,18,13,15,11
60,7,7,17,13,14,6,8
60,8,9,16,3,11,14,10
60,9,1,4,7,15,5,19
60,10,3,6,12,20,10,2
61,1,17,10,20,1,3,19
61,2,4,8,13,9,18,7
61,3,6,15,11,14,17,16
61,4,1,17,12,2,13,5
61,5,7,19,16,4,2,18
61,6,11,5,20,6,8,16
61,7,12,9,15,10,4,14
61,8,13,20,14,7,1,3
61,9,18,6,8,11,19,12
61,10,3,10,2,5,15,9
62,1,14,18,11,13,1,2
62,2,8,3,6,7,10,17
62,3,5,3,12,16,18,15
62,4,2,11,9,3,20,4
62,5,19,16,1,17,4,6
62,6,10,12,19,20,14,8
62,7,8,7,2,15,11,1
62,8,16,4,5,13,12,10
62,9,17,14,18,6,9,20
62,10,15,13,7,19,5,9
63,1,20,17,16,11,13,19
63,2,14,5,4,15,18,3
63,3,9,2,10,8,16,7
63,4,13,1,3,9,17,12
63,5,6,1,10,18,2,11
63,6,12,7,19,5,6,14
63,7,6,20,15,8,13,4
63,8,5,2,17,18,3,8
63,9,1,16,14,12,9,20
63,10,4,19,11,10,15,7
64,1,2,6,7,18,16,13
64,2,17,14,5,4,10,11
64,3,3,13,19,1,8,15
64,4,15,18,10,12,20,7
64,5,11,9,6,5,3,1
64,6,12,2,20,19,4,17
64,7,10,8,13,16,11,14
64,8,18,4,17,3,7,9
64,9,19,15,1,2,14,6
64,10,16,12,8,20,9,5
65,1,14,12,7,4,3,6
65,2,19,5,9,20,11,18
65,3,10,6,2,17,1,16
65,4,13,8,9,14,4,2
65,5,16,7,3,8,19,1
65,6,15,10,13,6,18,20
65,7,7,13,11,5,12,17
65,8,4,1,18,16,12,15
65,9,9,10,8,19,17,14
65,10,20,3,5,2,15,11
66,1,8,14,12,18,6,5
66,2,19,11,16,15,17,3
66,3,5,4,1,13,10,20
66,4,7,9,15,16,2,14
66,5,6,19,11,9,13,12
66,6,1,20,4,3,7,8
66,7,18,5,17,10,19,2
66,8,11,16,20,6,8,4
66,9,17,18,1,12,15,9
66,10,3,2,14,7,13,10
67,1,2,7,6,11,5,15
67,2,17,3,18,14,20,13
67,3,9,12,2,10,4,19
67,4,20,18,14,11,7,1
67,5,2,17,16,8,5,12
67,6,16,9,6,3,10,20
67,7,15,6,13,19,4,8
67,8,3,11,10,1,8,12
67,9,5,15,18,14,16,4
67,10,13,19,9,17,1,7
68,1,7,20,19,13,14,16
68,2,1,4,5,2,6,3
68,3,8,17,15,11,2,13
68,4,10,15,7,20,12,6
68,5,11,1,17,4,9,14
68,6,12,13,3,15,19,18
68,7,18,10,8,9,11,5
68,8,4,17,20,3,16,2
68,9,14,8,12,9,18,10
68,10,6,16,19,5,7,1
69,1,5,8,20,15,9,3
69,2,6,10,2,1,18,16
69,3,8,13,7,12,4,17
69,4,17,15,10,14,3,5
69,5,18,11,13,16,6,9
69,6,19,20,14,1,2,8
69,7,10,18,4,7,13,19
69,8,2,9,12,19,3,11
69,9,7,1,16,12,15,5
69,10,4,14,17,6,20,11
70,1,11,4,15,16,10,9
70,2,13,19,5,20,12,2
70,3,3,7,18,8,11,6
70,4,20,17,1,10,18,13
70,5,15,2,9,7,14,20
70,6,8,16,6,15,17,19
70,7,12,3,2,4,1,18
70,8,14,6,4,5,19,10
70,9,9,5,8,17,1,7
70,10,16,14,3,13,12,11
71,1,14,15,19,18,11,1
71,2,7,12,6,10,20,17
71,3,13,8,16,2,5,14
71,4,19,6,13,9,3,4
71,5,17,10,11,2,7,15
71,6,20,1,5,4,9,8
71,7,18,19,17,12,16,3
71,8,10,5,3,6,8,14
71,9,1,12,20,11,15,13
71,10,9,2,4,18,16,7
72,1,4,12,8,19,11,10
72,2,6,14,9,13,1,2
72,3,16,18,20,5,19,17
72,4,12,7,1,14,10,16
72,5,3,4,18,20,8,15
72,6,2,13,10,17,16,9
72,7,15,3,12,7,5,6
72,8,11,20,3,19,2,6
72,9,1,15,14,8,17,4
72,10,5,9,11,7,13,18
73,1,3,11,14,20,7,16
73,2,2,9,6,15,17,12
73,3,10,1,5,3,13,4
73,4,14,8,7,18,19,2
73,5,17,6,9,13,20,3
73,6,8,16,15,11,4,12
73,7,5,18,17,1,6,19
73,8,16,7,1,8,10,13
73,9,4,11,18,12,14,2
73,10,20,10,19,5,9,15
74,1,15,20,10,19,8,18
74,2,13,14,5,12,11,17
74,3,6,16,12,1,15,20
74,4,19,4,16,9,14,7
74,5,17,2,1,3,18,10
74,6,9,18,13,6,12,8
74,7,7,5,2,4,20,16
74,8,1,3,8,14,9,19
74,9,6,4,7,17,5,11
74,10,11,13,15,2,3,10
75,1,12,20,2,7,17,8
75,2,3,19,11,16,5,1
75,3,18,13,4,15,6,14
75,4,20,17,18,11,16,9
75,5,5,2,16,13,10,8
75,6,15,3,6,1,7,9
75,7,9,17,10,4,19,12
75,8,7,15,13,14,18,5
75,9,8,12,4,3,11,19
75,10,14,1,20,10,2,6
76,1,2,19,7,10,15,11
76,2,12,9,17,5,3,14
76,3,11,20,18,4,1,13
76,4,13,16,8,17,15,6
76,5,10,8,3,9,7,18
76,6,4,6,1,2,12,5
76,7,19,14,16,20,13,3
76,8,9,2,15,8,4,20
76,9,1,7,11,19,14,17
76,10,16,5,12,18,6,10
77,1,12,19,2,1,8,13
77,2,10,3,4,16,17,15
77,3,3,6,19,7,20,12
77,4,18,14,15,9,16,1
77,5,17,11,14,6,8,7
77,6,13,18,3,2,4,7
77,7,6,10,9,11,20,5
77,8,8,17,19,18,2,5
77,9,14,10,13,15,12,20
77,10,1,5,11,16,9,4
78,1,18,11,8,17,3,15
78,2,19,4,14,10,17,16
78,3,20,15,7,5,1,8
78,4,2,12,9,3,13,11
78,5,5,13,17,20,4,18
78,6,6,16,12,14,18,2
78,7,10,1,5,7,19,9
78,8,16,8,13,6,14,3
78,9,11,7,10,20,12,1
78,10,15,9,6,19,2,4
79,1,8,19,16,1,3,17
79,2,7,13,4,6,10,18
79,3,19,15,11,2,5,14
79,4,2,9,20,16,1,17
79,5,14,8,5,12,10,4
79,6,7,11,9,13,16,19
79,7,4,2,20,3,6,15
79,8,1,6,18,8,11,10
79,9,12,7,17,13,15,5
79,10,9,3,14,18,20,12
80,1,6,16,15,1,13,19
80,2,11,17,10,14,2,3
80,3,20,19,8,5,18,9
80,4,5,1,12,11,2,16
80,5,4,14,7,8,9,6
80,6,15,20,1,10,17,13
80,7,16,4,3,12,18,7
80,8,13,5,4,11,19,20
80,9,17,12,6,8,7,2
80,10,18,10,3,9,14,15
81,1,3,14,7,4,20,1
81,2,11,8,16,5,10,6
81,3,4,15,9,17,12,13
81,4,19,18,8,2,13,20
81,5,15,3,2,7,16,10
81,6,3,9,6,19,5,14
81,7,1,10,19,18,11,12
81,8,2,17,1,13,4,14
81,9,12,16,20,15,8,9
81,10,7,18,5,17,6,11
82,1,9,2,5,13,3,8
82,2,20,10,14,12,7,19
82,3,18,4,2,16,15,1
82,4,17,20,11,1,8,3
82,5,10,13,9,6,1,12
82,6,14,7,15,2,5,18
82,7,16,6,17,20,4,19
82,8,13,11,7,3,9,16
82,9,17,12,18,10,5,4
82,10,8,15,19,14,6,11
83,1,20,5,10,6,16,2
83,2,12,1,15,3,19,17
83,3,8,5,13,10,7,9
83,4,4,14,16,11,20,18
83,5,5,3,13,15,11,6
83,6,1,17,6,9,18,14
83,7,2,7,19,17,4,11
83,8,13,8,12,16,14,15
83,9,18,8,10,4,19,3
83,10,12,1,20,9,2,7
84,1,5,13,14,19,2,10
84,2,15,4,11,12,9,17
84,3,3,6,18,1,8,7
84,4,10,16,17,20,3,5
84,5,9,19,4,7,6,16
84,6,11,5,12,8,14,1
84,7,15,2,3,4,10,9
84,8,14,20,1,7,17,13
84,9,16,12,8,15,18,19
84,10,6,18,2,11,13,20
85,1,1,4,13,15,7,19
85,2,10,11,9,20,16,8
85,3,5,6,3,14,12,4
85,4,8,13,16,3,17,2
85,5,19,1,9,18,20,5
85,6,14,15,7,16,10,11
85,7,19,2,12,10,6,17
85,8,7,18,20,5,15,17
85,9,4,9,2,14,8,11
85,10,13,12,6,18,1,3
86,1,6,15,8,20,1,2
86,2,3,16,19,5,12,7
86,3,18,11,10,13,1,4
86,4,12,17,13,9,14,20
86,5,11,19,4,5,8,15
86,6,9,14,18,2,6,16
86,7,17,7,18,8,3,10
86,8,20,16,5,12,13,4
86,9,2,10,14,3,15,1
86,10,7,9,11,17,19,6
87,1,20,14,10,19,3,6
87,2,9,17,1,16,5,15
87,3,11,12,3,7,2,20
87,4,13,18,9,10,11,8
87,5,19,3,1,4,5,2
87,6,7,5,14,8,17,13
87,7,16,6,15,18,11,13
87,8,16,1,8,4,7,12
87,9,14,2,12,19,9,18
87,10,4,20,17,6,15,10
88,1,5,17,2,14,18,16
88,2,8,20,6,10,4,7
88,3,1,9,15,12,11,3
88,4,17,3,19,13,10,16
88,5,2,8,7,4,9,13
88,6,14,20,11,1,6,5
88,7,15,19,16,18,7,12
88,8,6,11,17,2,12,8
88,9,10,15,5,9,14,1
88,10,18,13,4,3,20,19
89,1,8,4,16,20,2,1
89,2,12,10,11,14,19,13
89,3,3,7,18,15,5,9
89,4,16,3,4,11,17,14
89,5,17,9,1,19,10,2
89,6,3,8,20,15,13,14
89,7,7,10,20,11,12,18
89,8,13,19,6,2,15,5
89,9,18,6,7,17,1,8
89,10,9,4,12,6,16,5
90,1,14,2,10,7,4,11
90,2,19,17,8,9,20,15
90,3,2,18,8,12,16,10
90,4,1,7,13,15,16,6
90,5,4,11,3,17,9,18
90,6,20,5,10,7,14,19
90,7,6,1,5,8,13,3
90,8,11,16,19,9,18,20
90,9,5,13,17,2,4,12
90,10,15,12,14,6,3,1
91,1,6,10,16,13,9,4
91,2,10,18,1,8,19,5
91,3,2,11,15,16,3,7
91,4,8,12,15,20,17,4
91,5,10,14,11,1,13,17
91,6,7,15,2,18,20,9
91,7,11,3,12,5,19,6
91,8,1,7,18,12,4,14
91,9,13,20,17,6,2,19
91,10,16,5,3,14,8,9
92,1,4,16,15,10,1,17
92,2,20,9,7,3,10,6
92,3,12,8,11,2,1,20
92,4,19,6,4,14,15,18
92,5,9,1,19,13,12,7
92,6,3,17,5,11,18,2
92,7,8,19,6,16,14,9
92,8,12,13,2,18,10,3
92,9,5,14,20,17,7,16
92,10,15,4,13,5,11,8
93,1,18,10,14,12,20,15
93,2,1,19,16,3,2,4
93,3,9,13,17,11,6,7
93,4,5,7,2,8,19,14
93,5,6,12,10,15,17,8
93,6,4,1,9,20,5,18
93,7,17,16,3,19,13,11
93,8,15,2,6,1,11,18
93,9,7,3,5,4,8,10
93,10,20,14,9,13,16,12
94,1,18,15,7,17,19,14
94,2,3,8,1,16,11,20
94,3,2,4,14,6,15,12
94,4,13,2,18,10,9,16
94,5,17,3,12,9,7,1
94,6,11,20,19,4,6,10
94,7,14,18,13,5,8,17
94,8,16,6,20,7,5,2
94,9,19,9,4,8,3,12
94,10,10,5,1,15,13,11
95,1,14,20,4,1,3,13
95,2,18,6,9,16,10,5
95,3,2,9,7,13,15,11
95,4,1,8,5,19,12,15
95,5,20,14,18,4,17,11
95,6,8,7,10,3,6,19
95,7,12,5,16,17,2,20
95,8,6,11,19,1,14,4
95,9,15,2,17,10,9,3
95,10,7,16,8,12,18,13
96,1,13,19,14,20,8,2
96,2,11,18,3,5,12,6
96,3,10,4,17,1,7,16
96,4,19,12,20,13,15,10
96,5,4,8,11,9,5,15
96,6,16,17,6,19,18,1
96,7,9,15,2,14,1,3
96,8,14,11,12,7,16,10
96,9,5,6,8,2,9,17
96,10,3,13,4,18,20,7
97,1,17,15,18,3,19,16
97,2,12,7,13,6,4,5
97,3,9,1,10,11,20,8
97,4,20,16,15,6,14,3
97,5,7,2,19,11,12,9
97,6,4,10,5,13,2,1
97,7,8,17,12,18,1,14
97,8,15,5,7,2,18,20
97,9,17,10,3,19,13,6
97,10,16,4,14,8,11,9
98,1,5,11,20,17,9,12
98,2,19,13,16,1,7,15
98,3,2,14,6,18,3,20
98,4,4,12,9,10,16,6
98,5,3,20,13,15,11,8
98,6,10,5,15,14,7,17
98,7,11,18,1,4,2,19
98,8,16,3,2,12,10,8
98,9,13,9,14,5,19,18
98,10,6,1,8,7,17,4
99,1,12,17,11,16,14,7
99,2,18,1,8,2,6,13
99,3,5,19,15,16,4,3
99,4,20,7,19,6,9,2
99,5,13,12,17,4,15,9
99,6,10,3,18,8,11,7
99,7,1,14,20,9,5,10
99,8,17,19,12,20,8,2
99,9,18,10,4,15,16,5
99,10,11,6,13,14,1,3
100,1,2,4,5,11,20,16
100,2,3,9,1,12,4,18
100,3,8,11,16,15,13,6
100,4,1,5,3,17,12,7
100,5,15,8,10,19,14,2
100,6,19,13,11,20,18,17
100,7,7,10,6,4,12,14
100,8,14,2,9,3,17,13
100,9,1,16,20,5,10,19
100,10,9,18,7,8,6,15
101,1,5,15,19,11,6,12
101,2,17,4,8,20,3,18
101,3,2,11,9,10,16,1
101,4,3,13,2,7,5,4
101,5,6,15,10,18,20,17
101,6,18,14,16,13,8,12
101,7,14,1,7,19,4,9
101,8,6,20,12,9,13,10
101,9,19,2,7,16,17,11
101,10,15,8,5,3,14,1
102,1,20,7,11,14,4,15
102,2,6,3,2,1,16,18
102,3,7,19,12,5,10,8
102,4,4,9,13,2,17,15
102,5,3,9,18,10,19,11
102,6,16,20,1,7,8,13
102,7,12,18,6,14,5,2
102,8,13,20,4,10,3,19
102,9,11,6,17,9,8,5
102,10,1,12,14,17,15,16
103,1,15,11,18,12,7,20
103,2,17,8,2,6,10,4
103,3,9,5,16,13,18,14
103,4,2,15,1,8,9,20
103,5,10,17,3,9,19,14
103,6,11,7,6,5,1,13
103,7,8,1,19,18,12,4
103,8,12,17,3,16,20,5
103,9,10,14,11,4,2,13
103,10,19,16,15,6,7,3
104,1,13,12,15,3,2,7
104,2,4,16,8,20,14,6
104,3,18,10,5,15,1,17
104,4,8,19,9,7,18,11
104,5,20,6,4,12,3,9
104,6,1,13,17,11,10,16
104,7,19,20,14,2,11,5
104,8,5,4,6,17,15,9
104,9,7,3,10,14,13,8
104,10,16,2,18,1,12,19
105,1,12,11,5,10,15,19
105,2,18,1,15,17,6,14
105,3,3,18,11,4,7,2
105,4,16,19,13,20,9,15
105,5,17,7,20,2,8,10
105,6,9,3,1,13,5,12
105,7,14,4,13,19,6,17
105,8,8,18,4,3,5,16
105,9,2,12,16,6,11,10
105,10,9,14,7,8,20,1
106,1,20,5,19,1,2,17
106,2,14,16,3,15,8,11
106,3,6,13,10,19,9,18
106,4,4,15,10,12,2,14
106,5,9,17,8,7,19,16
106,6,11,1,12,6,3,20
106,7,13,8,20,18,4,12
106,8,15,2,7,5,16,6
106,9,18,9,17,11,14,3
106,10,7,10,5,13,1,4
107,1,6,16,18,7,20,10
107,2,8,4,13,15,19,11
107,3,5,14,2,1,6,3
107,4,16,6,17,8,13,12
107,5,11,15,2,9,5,18
107,6,14,19,3,12,17,7
107,7,4,9,14,16,10,1
107,8,10,5,15,20,3,8
107,9,19,7,11,17,1,4
107,10,12,20,9,2,18,13
108,1,2,6,19,14,13,8
108,2,7,10,9,12,15,1
108,3,16,13,20,5,11,17
108,4,19,3,4,16,18,15
108,5,5,8,12,9,14,11
108,6,1,2,16,18,13,7
108,7,3,9,6,4,7,20
108,8,15,2,8,10,17,3
108,9,20,18,14,10,5,19
108,10,17,12,1,11,4,6
109,1,7,6,9,14,16,5
109,2,18,1,17,20,8,15
109,3,4,12,19,5,13,2
109,4,13,10,6,15,3,11
109,5,14,17,7,4,20,18
109,6,1,16,3,9,2,19
109,7,10,4,16,11,12,8
109,8,12,14,15,7,18,13
109,9,6,11,20,19,1,2
109,10,10,17,5,3,8,9
110,1,5,15,4,6,18,9
110,2,13,7,12,3,17,2
110,3,8,11,18,19,10,1
110,4,20,19,15,9,12,16
110,5,2,14,8,17,6,10
110,6,3,5,13,1,4,20
110,7,9,16,2,8,14,4
110,8,15,18,11,13,7,17
110,9,3,1,14,6,19,12
110,10,11,20,10,5,16,7
111,1,11,7,3,14,1,15
111,2,1,13,17,18,9,16
111,3,12,20,10,2,15,4
111,4,7,8,6,13,19,5
111,5,18,3,20,16,6,14
111,6,19,2,9,7,4,10
111,7,2,12,5,18,11,14
111,8,17,13,1,8,10,6
111,9,5,17,4,16,15,19
111,10,8,3,11,20,12,9
112,1,15,6,9,12,4,1
112,2,16,14,2,17,11,13
112,3,10,19,18,3,5,12
112,4,20,7,8,1,2,5
112,5,6,11,13,10,9,20
112,6,17,5,14,4,19,18
112,7,9,17,15,2,3,7
112,8,6,18,7,12,16,8
112,9,4,10,1,11,16,3
112,10,14,8,19,15,13,20
113,1,15,12,13,16,17,5
113,2,2,9,18,1,14,10
113,3,7,3,17,19,20,6
113,4,3,15,16,2,11,8
113,5,5,13,7,6,14,4
113,6,9,8,1,15,12,19
113,7,4,6,2,8,18,11
113,8,16,10,12,20,17,14
113,9,1,9,11,19,7,5
113,10,13,4,10,3,20,18
114,1,19,2,16,20,6,15
114,2,12,18,8,5,3,7
114,3,12,10,1,6,2,17
114,4,14,15,4,10,7,11
114,5,20,1,5,13,9,16
114,6,8,4,3,17,19,14
114,7,11,17,9,18,1,13
114,8,18,5,6,3,15,2
114,9,10,4,7,9,8,16
114,10,19,20,14,11,13,12
115,1,4,12,20,15,2,7
115,2,13,10,19,16,18,3
115,3,17,20,8,11,5,1
115,4,14,11,15,7,10,9
115,5,3,5,13,9,2,8
115,6,7,19,12,14,16,1
115,7,17,18,20,4,9,6
115,8,15,8,6,13,1,14
115,9,11,19,17,4,3,2
115,10,6,16,10,12,5,18
116,1,16,15,12,13,8,4
116,2,9,11,5,17,6,19
116,3,1,2,14,7,20,3
116,4,13,1,19,10,18,15
116,5,20,16,3,12,11,6
116,6,5,17,9,14,12,10
116,7,8,13,2,18,19,7
116,8,2,14,3,16,4,9
116,9,10,7,20,6,15,17
116,10,18,5,4,8,11,1
117,1,9,8,11,18,15,20
117,2,17,2,16,1,7,10
117,3,13,3,6,8,9,12
117,4,15,14,5,4,20,19
117,5,14,11,18,2,17,12
117,6,7,6,16,5,3,1
117,7,6,19,4,2,10,13
117,8,1,4,8,20,12,17
117,9,16,9,18,19,14,7
117,10,10,3,11,5,13,15
118,1,19,7,13,11,8,12
118,2,4,18,15,1,17,3
118,3,12,20,10,9,5,2
118,4,11,6,8,10,14,16
118,5,2,16,3,19,18,20
118,6,3,5,17,7,4,9
118,7,20,15,1,14,6,13
118,8,8,1,19,2,10,5
118,9,18,12,7,4,11,6
118,10,13,9,14,17,16,15
119,1,16,19,2,15,20,11
119,2,14,8,18,10,17,3
119,3,5,13,7,16,4,20
119,4,15,1,19,17,6,12
119,5,11,13,2,14,1,4
119,6,9,10,6,20,7,18
119,7,5,16,12,3,14,8
119,8,4,11,9,8,19,6
119,9,2,18,5,7,15,17
119,10,1,12,13,9,3,10
120,1,6,5,14,11,3,19
120,2,20,17,4,10,8,16
120,3,3,15,7,9,13,2
120,4,12,4,1,18,16,11
120,5,7,19,10,12,2,8
120,6,14,6,12,15,9,4
120,7,10,3,20,15,5,1
120,8,19,16,17,8,18,9
120,9,17,6,11,13,2,5
120,10,18,14,20,1,7,13
121,1,8,4,15,6,1,16
121,2,10,20,3,7,17,11
121,3,13,2,16,5,12,18
121,4,4,17,10,19,13,14
121,5,1,9,6,2,11,16
121,6,19,18,12,3,10,15
121,7,20,9,4,5,8,14
121,8,5,11,18,6,7,13
121,9,9,3,17,12,20,19
121,10,8,7,2,14,15,1
122,1,15,8,16,17,7,11
122,2,18,2,14,3,6,4
122,3,12,20,13,1,19,8
122,4,11,12,15,4,10,5
122,5,6,13,8,20,3,17
122,6,14,1,19,16,5,10
122,7,18,10,13,4,9,2
122,8,16,15,9,19,6,7
122,9,2,14,5,12,17,20
122,10,3,11,1,18,9,7
123,1,2,10,6,8,1,18
123,2,7,3,4,13,16,12
123,3,17,18,11,20,14,15
123,4,7,5,12,3,2,6
123,5,9,4,8,5,19,17
123,6,13,15,2,11,10,9
123,7,20,7,19,1,4,3
123,8,10,17,16,13,14,6
123,9,15,8,5,18,16,20
123,10,19,14,1,11,12,9
124,1,17,19,18,7,12,10
124,2,11,9,16,20,4,2
124,3,8,3,15,14,7,19
124,4,5,13,17,2,1,8
124,5,12,6,14,9,20,18
124,6,3,16,10,5,11,13
124,7,4,1,6,19,5,15
124,8,6,7,9,17,8,3
124,9,16,14,11,18,13,4
124,10,1,12,20,10,15,2
125,1,20,11,7,14,10,8
125,2,2,17,15,16,18,19
125,3,7,13,9,12,4,5
125,4,6,16,1,10,9,3
125,5,8,2,18,1,5,14
125,6,13,20,3,15,6,19
125,7,14,4,3,17,12,11
125,8,17,20,7,16,1,5
125,9,12,8,13,15,18,9
125,10,4,19,2,6,11,10
126,1,1,10,14,9,13,7
126,2,16,2,3,4,15,17
126,3,18,11,19,6,5,20
126,4,3,5,8,10,14,16
126,5,15,12,17,1,9,11
126,6,19,18,20,3,13,4
126,7,8,7,14,2,12,6
126,8,10,18,4,11,7,1
126,9,5,15,12,13,17,6
126,10,9,2,20,8,19,16
127,1,2,8,11,4,20,7
127,2,10,9,18,5,15,14
127,3,3,1,16,19,17,11
127,4,20,6,13,7,16,14
127,5,15,4,10,8,3,12
127,6,7,19,5,17,2,9
127,7,18,1,17,6,8,13
127,8,11,10,12,19,16,13
127,9,5,15,9,14,6,4
127,10,12,20,2,3,1,18
128,1,11,13,9,20,3,5
128,2,17,12,4,16,10,18
128,3,13,14,19,11,2,8
128,4,6,7,1,15,20,10
128,5,16,7,8,18,5,12
128,6,9,17,6,2,14,3
128,7,1,5,11,4,19,15
128,8,4,9,10,17,8,20
128,9,15,19,7,13,18,2
128,10,3,6,14,16,12,1
129,1,20,11,19,12,14,15
129,2,4,5,2,7,6,10
129,3,13,3,1,8,9,18
129,4,11,6,15,7,17,8
129,5,2,10,12,9,19,16
129,6,14,1,13,20,4,17
129,7,19,3,5,18,11,6
129,8,16,4,7,9,1,13
129,9,10,20,17,5,8,12
129,10,14,16,15,3,18,2
130,1,9,15,11,7,16,20
130,2,1,6,18,19,10,4
130,3,17,2,5,11,12,13
130,4,7,14,10,13,15,3
130,5,12,4,6,2,20,1
130,6,5,19,16,1,8,14
130,7,8,13,4,3,2,15
130,8,9,12,18,17,7,19
130,9,6,8,3,11,16,9
130,10,18,17,20,10,14,5
131,1,7,5,3,12,11,1
131,2,20,16,4,14,18,2
131,3,8,9,6,15,19,10
131,4,4,20,5,13,3,19
131,5,14,8,12,10,7,11
131,6,18,16,11,6,13,17
131,7,1,2,9,14,5,15
131,8,19,18,8,17,4,7
131,9,6,9,13,16,20,12
131,10,17,15,10,1,3,2
132,1,13,10,8,2,11,20
132,2,12,3,7,6,17,4
132,3,16,14,15,9,13,19
132,4,11,1,2,12,18,9
132,5,19,13,10,7,6,5
132,6,15,8,1,5,4,16
132,7,3,17,19,20,9,14
132,8,6,12,8,15,20,18
132,9,2,11,17,4,14,7
132,10,10,18,5,16,1,3
133,1,4,12,16,13,19,17
133,2,3,9,18,8,15,11
133,3,16,7,20,14,2,6
133,4,5,4,14,18,10,9
133,5,12,1,20,19,3,8
133,6,5,17,15,11,16,7
133,7,7,3,13,20,1,18
133,8,2,6,9,8,4,5
133,9,13,15,12,10,11,14
133,10,19,10,6,2,17,1
134,1,12,14,16,5,13,8
134,2,17,18,11,1,15,6
134,3,20,16,3,9,2,10
134,4,18,20,4,15,5,12
134,5,9,19,1,6,7,14
134,6,13,7,2,12,8,17
134,7,11,3,19,4,10,20
134,8,19,2,7,18,5,16
134,9,10,13,17,9,15,1
134,10,8,11,14,6,4,3
135,1,15,2,7,3,12,4
135,2,1,5,14,17,20,11
135,3,16,6,18,4,10,13
135,4,8,16,1,19,17,12
135,5,11,13,2,20,9,7
135,6,14,5,17,3,9,18
135,7,20,15,12,19,6,14
135,8,7,4,9,1,8,10
135,9,2,11,5,13,6,3
135,10,15,8,19,18,16,10
136,1,17,14,8,7,3,18
136,2,1,15,11,16,13,4
136,3,2,12,10,9,18,19
136,4,10,16,20,7,17,6
136,5,14,1,13,8,19,2
136,6,18,20,6,11,12,9
136,7,4,17,3,15,19,5
136,8,5,10,11,14,6,8
136,9,3,9,16,2,12,4
136,10,13,7,15,5,1,20
137,1,20,8,4,18,14,13
137,2,1,19,7,12,11,16
137,3,15,13,2,10,3,17
137,4,4,5,6,19,9,17
137,5,8,20,12,5,14,16
137,6,6,18,1,3,7,15
137,7,9,8,15,11,2,17
137,8,3,1,4,14,10,12
137,9,19,6,9,13,7,5
137,10,18,2,20,16,11,10
138,1,5,10,8,9,15,7
138,2,11,3,13,8,18,19
138,3,16,14,1,15,2,6
138,4,20,17,10,12,5,13
138,5,14,9,7,4,19,20
138,6,6,3,17,2,8,16
138,7,10,12,19,5,18,11
138,8,2,4,18,20,1,15
138,9,17,11,16,14,7,3
138,10,9,13,12,6,4,1
139,1,5,12,14,13,18,6
139,2,9,11,4,1,16,17
139,3,3,2,5,1,8,20
139,4,7,4,13,10,6,8
139,5,16,5,2,15,19,14
139,6,1,18,12,17,13,9
139,7,11,14,3,10,7,19
139,8,8,19,17,6,20,15
139,9,12,7,11,18,4,2
139,10,15,9,16,20,10,3
140,1,19,20,13,11,3,1
140,2,8,18,15,17,16,4
140,3,7,10,3,12,9,5
140,4,17,13,10,14,2,1
140,5,19,4,5,7,16,15
140,6,6,17,18,9,20,11
140,7,12,6,14,16,15,13
140,8,5,7,20,8,1,11
140,9,18,19,6,10,14,2
140,10,4,3,8,2,12,9
141,1,10,15,14,17,11,4
141,2,2,6,16,3,5,1
141,3,20,16,10,19,9,8
141,4,1,12,19,4,17,7
141,5,3,5,19,13,15,18
141,6,6,17,2,4,10,20
141,7,14,1,9,7,13,18
141,8,12,2,6,11,5,8
141,9,13,16,7,8,20,18
141,10,14,11,15,9,3,12
142,1,7,19,20,12,15,2
142,2,16,9,5,17,4,13
142,3,18,1,3,8,6,10
142,4,17,20,14,1,7,5
142,5,13,10,11,15,2,12
142,6,20,14,4,6,11,16
142,7,9,18,1,2,8,19
142,8,6,7,12,16,10,3
142,9,11,15,9,18,17,5
142,10,4,8,13,3,14,19
143,1,16,7,2,13,18,11
143,2,10,12,1,5,4,14
143,3,15,3,17,20,19,6
143,4,18,9,7,8,14,15
143,5,5,17,10,2,13,9
143,6,12,8,11,19,1,16
143,7,3,4,18,6,20,9
143,8,17,6,8,15,12,7
143,9,10,16,3,5,1,11
143,10,13,2,4,14,19,20
144,1,14,18,17,12,3,13
144,2,4,6,19,11,5,8
144,3,7,15,20,9,10,1
144,4,18,19,16,5,17,2
144,5,11,20,6,1,13,12
144,6,2,14,7,16,9,3
144,7,8,13,18,15,4,10
144,8,19,11,9,7,2,6
144,9,15,5,3,4,20,12
144,10,1,10,8,14,16,17
145,1,19,13,17,3,6,7
145,2,9,2,5,20,8,13
145,3,16,1,15,18,6,14
145,4,3,8,12,2,11,17
145,5,10,14,19,11,15,9
145,6,8,18,10,7,12,4
145,7,20,9,1,19,17,16
145,8,2,7,4,12,5,14
145,9,6,20,5,10,18,3
145,10,1,11,13,4,16,15
146,1,17,5,11,10,13,7
146,2,11,12,9,14,3,8
146,3,5,1,2,6,15,4
146,4,12,10,20,19,17,18
146,5,16,15,13,3,7,4
146,6,14,19,6,1,8,20
146,7,9,4,14,17,2,18
146,8,7,16,18,20,11,5
146,9,15,3,10,2,1,19
146,10,13,9,16,8,12,6
147,1,4,19,6,16,12,10
147,2,18,7,15,1,20,2
147,3,15,5,8,13,9,19
147,4,14,11,3,17,4,20
147,5,17,13,9,12,6,15
147,6,8,3,5,18,14,16
147,7,13,6,7,11,2,10
147,8,19,12,4,18,1,5
147,9,10,2,16,20,14,9
147,10,7,17,8,3,11,1
148,1,12,16,1,9,2,17
148,2,6,18,7,19,13,14
148,3,2,20,15,10,12,8
148,4,5,17,11,19,16,3
148,5,1,13,20,4,8,7
148,6,11,10,14,15,18,12
148,7,9,4,5,6,3,11
148,8,3,14,19,13,1,2
148,9,4,8,17,7,16,10
148,10,20,15,18,5,9,6
149,1,12,1,19,7,5,9
149,2,1,11,18,4,2,8
149,3,6,5,13,10,14,17
149,4,11,12,4,14,19,15
149,5,7,18,2,6,17,16
149,6,9,20,3,11,10,13
149,7,15,16,20,3,7,14
149,8,10,1,9,8,19,6
149,9,13,3,12,16,18,4
149,10,20,17,15,5,8,2
150,1,17,19,2,13,20,12
150,2,5,15,8,16,6,11
150,3,14,7,1,9,10,4
150,4,2,4,11,20,5,18
150,5,17,10,19,15,7,3
150,6,3,6,14,12,18,1
150,7,4,20,16,9,11,19
150,8,8,2,6,15,3,13
150,9,5,9,14,8,7,12
150,10,18,1,10,17,16,13
151,1,1,5,11,18,9,7
151,2,16,7,12,6,15,20
151,3,3,17,4,2,9,14
151,4,19,8,18,16,10,5
151,5,6,15,1,14,17,11
151,6,10,12,2,3,19,20
151,7,13,6,5,2,4,7
151,8,8,14,20,19,13,11
151,9,12,16,9,1,13,3
151,10,15,4,17,18,8,10
152,1,14,2,16,5,3,8
152,2,9,11,10,13,5,15
152,3,18,19,6,4,7,3
152,4,20,1,12,17,14,5
152,5,19,9,15,18,4,16
152,6,2,10,7,11,1,6
152,7,4,8,13,1,20,17
152,8,16,14,12,13,15,6
152,9,7,3,8,10,20,9
152,10,11,18,17,12,19,2
153,1,18,13,19,7,9,17
153,2,10,2,16,11,6,14
153,3,5,8,3,15,12,1
153,4,4,16,20,6,17,9
153,5,20,15,2,12,18,7
153,6,13,5,10,4,14,19
153,7,3,8,6,1,11,18
153,8,1,13,5,2,16,10
153,9,8,12,17,20,11,9
153,10,14,7,4,19,3,15
154,1,12,6,8,5,10,4
154,2,1,18,9,20,14,13
154,3,7,17,3,16,5,11
154,4,9,3,15,18,4,2
154,5,19,14,7,8,2,12
154,6,10,11,13,3,15,20
154,7,16,9,12,6,8,5
154,8,11,19,1,4,13,2
154,9,17,20,14,10,6,18
154,10,15,19,7,17,1,16
155,1,6,1,3,10,9,19
155,2,2,15,20,16,13,8
155,3,18,7,11,14,6,2
155,4,17,3,16,12,10,4
155,5,5,17,14,2,1,15
155,6,16,10,18,11,19,8
155,7,6,4,5,7,20,19
155,8,7,9,8,14,17,13
155,9,15,12,11,9,4,1
155,10,13,5,18,20,12,3
156,1,20,7,1,12,10,16
156,2,19,2,3,9,5,17
156,3,4,11,13,14,8,15
156,4,12,18,17,9,16,14
156,5,11,13,6,19,7,12
156,6,8,10,2,1,4,18
156,7,3,20,15,5,18,13
156,8,2,16,9,7,11,10
156,9,17,6,19,8,15,5
156,10,20,14,4,3,6,1
157,1,16,11,17,13,19,20
157,2,9,12,10,15,2,6
157,3,4,8,9,11,20,3
157,4,15,14,5,7,1,10
157,5,2,6,16,13,5,4
157,6,14,1,11,19,12,18
157,7,18,4,10,17,8,7
157,8,6,5,12,17,3,1
157,9,14,16,19,20,2,8
157,10,7,9,13,3,18,15
158,1,12,13,4,2,7,17
158,2,18,20,1,16,9,6
158,3,8,3,14,10,2,7
158,4,11,17,8,15,19,6
158,5,5,10,1,9,13,19
158,6,3,2,18,5,12,11
158,7,9,16,15,11,14,4
158,8,13,18,6,1,17,8
158,9,14,4,7,5,20,12
158,10,19,15,20,10,3,16
159,1,6,20,2,17,11,3
159,2,10,19,13,18,12,14
159,3,1,3,16,8,15,7
159,4,9,5,10,6,14,11
159,5,8,17,3,12,16,13
159,6,4,2,15,19,1,9
159,7,15,7,12,18,11,5
159,8,2,1,20,8,13,9
159,9,5,18,14,4,16,17
159,10,7,19,4,6,10,20
160,1,13,4,11,16,7,1
160,2,12,9,8,14,3,19
160,3,10,15,5,17,18,20
160,4,19,6,18,2,9,16
160,5,1,7,11,20,8,5
160,6,3,6,17,10,4,13
160,7,17,14,7,9,15,2
160,8,11,12,18,4,8,10
160,9,3,16,19,1,5,2
160,10,20,13,14,15,6,12
161,1,10,1,20,14,11,17
161,2,12,8,6,16,19,4
161,3,5,18,3,7,13,9
161,4,17,2,1,12,11,15
161,5,18,3,19,7,20,14
161,6,6,9,2,8,10,5
161,7,4,11,9,13,17,19
161,8,15,8,6,3,1,18
161,9,14,20,16,4,2,5
161,10,16,10,7,13,15,12
162,1,20,4,12,3,9,1
162,2,8,14,2,6,13,18
162,3,15,19,17,5,7,4
162,4,13,11,10,14,3,16
162,5,7,5,8,1,15,19
162,6,20,17,12,2,18,10
162,7,11,7,9,18,16,6
162,8,1,10,4,3,6,17
162,9,19,12,16,15,14,2
162,10,9,13,5,11,8,20
163,1,10,19,13,5,14,9
163,2,2,3,15,11,4,18
163,3,16,6,1,20,12,7
163,4,8,15,6,9,17,14
163,5,7,1,4,13,2,8
163,6,3,20,7,19,17,11
163,7,5,12,14,16,1,18
163,8,18,13,19,15,20,10
163,9,2,17,11,12,9,6
163,10,16,4,8,10,5,3
164,1,11,10,9,20,16,15
164,2,14,4,17,8,6,7
164,3,19,5,2,13,12,3
164,4,4,18,9,20,5,1
164,5,19,8,18,2,14,11
164,6,12,6,20,7,2,10
164,7,13,15,17,4,18,16
164,8,17,11,10,19,5,1
164,9,9,16,3,12,7,8
164,10,1,14,15,6,3,13
165,1,6,18,5,1,19,16
165,2,15,11,20,8,4,12
165,3,3,17,7,2,13,5
165,4,9,12,15,17,1,14
165,5,4,9,19,18,6,3
165,6,20,16,13,7,11,14
165,7,5,2,15,6,10,11
165,8,12,9,13,19,8,20
165,9,2,3,1,4,10,14
165,10,16,8,18,17,10,7
166,1,8,15,3,11,1,18
166,2,10,14,12,5,7,9
166,3,1,20,16,2,17,13
166,4,4,13,8,6,12,19
166,5,19,7,2,3,15,9
166,6,17,5,14,18,8,20
166,7,6,10,4,15,20,16
166,8,14,19,11,3,7,6
166,9,18,1,10,13,9,17
166,10,11,2,5,16,4,12
167,1,17,12,10,1,19,11
167,2,8,15,5,9,16,2
167,3,7,20,2,19,18,4
167,4,13,20,6,12,3,5
167,5,11,7,14,1,13,8
167,6,16,17,3,14,4,9
167,7,2,10,13,18,12,15
167,8,20,9,7,18,6,1
167,9,3,19,17,10,16,8
167,10,15,6,4,14,11,5
168,1,7,1,19,5,17,15
168,2,18,13,11,16,3,12
168,3,10,19,9,20,14,4
168,4,5,8,6,17,20,2
168,5,1,2,12,7,4,10
168,6,13,5,20,8,15,3
168,7,6,18,14,9,11,2
168,8,1,4,16,6,19,13
168,9,9,11,3,10,17,7
168,10,14,8,18,15,16,12
169,1,13,11,9,5,1,16
169,2,15,6,7,4,12,17
169,3,14,2,19,3,20,1
169,4,8,18,4,7,5,10
169,5,20,15,8,11,9,19
169,6,2,13,15,14,10,17
169,7,19,3,10,16,18,6
169,8,12,9,6,4,7,13
169,9,11,16,1,8,2,3
169,10,18,14,12,17,5,20
170,1,10,14,7,11,13,5
170,2,3,1,8,9,12,10
170,3,6,5,20,2,16,7
170,4,17,11,2,13,19,18
170,5,5,16,1,9,14,4
170,6,12,17,14,19,8,6
170,7,3,4,17,18,2,20
170,8,16,10,13,15,6,19
170,9,9,7,18,15,3,8
170,10,4,12,11,20,15,1
171,1,8,17,9,13,2,16
171,2,12,3,5,10,19,14
171,3,1,6,11,4,18,8
171,4,7,9,19,12,18,2
171,5,5,3,6,17,20,11
171,6,14,15,18,1,13,4
171,7,16,10,15,7,8,20
171,8,6,13,3,5,9,15
171,9,4,12,2,1,10,17
171,10,20,7,16,11,14,19
172,1,14,2,12,3,6,16
172,2,19,5,13,7,4,8
172,3,9,1,20,10,17,6
172,4,15,8,10,2,11,12
172,5,11,4,17,3,7,13
172,6,17,16,1,18,19,15
172,7,10,20,4,8,9,14
172,8,9,18,16,12,5,11
172,9,2,14,13,6,1,7
172,10,18,20,5,19,15,3
173,1,8,7,12,1,17,3
173,2,11,13,6,9,18,10
173,3,16,14,15,17,9,4
173,4,13,19,2,20,8,1
173,5,10,15,18,14,7,3
173,6,15,6,19,4,2,9
173,7,7,12,20,16,13,5
173,8,2,5,4,11,3,10
173,9,6,17,8,14,5,18
173,10,12,1,11,19,20,16
174,1,13,4,3,20,12,18
174,2,11,16,7,15,6,2
174,3,1,9,17,12,19,14
174,4,20,8,10,2,14,13
174,5,5,19,4,12,15,6
174,6,7,1,9,16,10,18
174,7,3,11,8,6,17,7
174,8,18,2,5,13,1,15
174,9,4,3,14,20,11,9
174,10,17,10,16,8,5,19
175,1,19,14,18,11,2,9
175,2,15,17,12,10,6,20
175,3,10,19,11,13,8,4
175,4,13,18,16,17,3,12
175,5,19,2,20,7,14,5
175,6,16,8,6,1,4,3
175,7,7,5,15,9,13,17
175,8,6,10,3,9,20,1
175,9,2,4,7,18,16,8
175,10,12,15,1,5,14,11
176,1,18,6,1,10,12,5
176,2,14,3,19,15,16,20
176,3,5,11,9,2,4,17
176,4,8,12,14,6,7,13
176,5,1,7,10,19,11,15
176,6,3,9,8,20,18,2
176,7,20,16,17,4,13,11
176,8,5,7,1,3,2,17
176,9,9,13,19,8,15,12
176,10,4,16,18,14,10,6
177,1,14,19,11,18,17,8
177,2,12,10,5,2,9,16
177,3,18,4,15,17,7,20
177,4,1,14,13,11,3,6
177,5,2,20,8,1,5,4
177,6,19,6,3,7,12,9
177,7,20,13,2,16,6,15
177,8,17,8,10,5,9,14
177,9,11,18,12,16,1,7
177,10,3,15,4,13,10,19
178,1,16,20,6,17,19,2
178,2,7,2,14,3,15,10
178,3,8,18,13,6,5,11
178,4,20,4,7,9,1,19
178,5,10,1,16,8,14,3
178,6,10,11,2,12,20,18
178,7,13,9,17,4,7,14
178,8,15,5,9,6,11,16
178,9,4,3,5,19,18,12
178,10,17,12,13,15,8,1
179,1,6,18,19,10,1,13
179,2,12,11,20,8,4,7
179,3,16,17,3,2,9,15
179,4,15,14,20,5,18,1
179,5,11,6,2,19,12,17
179,6,14,5,4,13,10,16
179,7,4,8,9,1,15,2
179,8,5,3,11,7,19,10
179,9,6,17,12,14,3,20
179,10,9,7,8,18,16,13
180,1,17,1,18,20,10,9
180,2,13,2,14,16,8,19
180,3,7,10,15,11,6,8
180,4,8,9,5,4,3,12
180,5,2,6,7,14,17,18
180,6,19,15,16,1,20,5
180,7,9,13,10,3,11,2
180,8,18,16,17,12,19,4
180,9,1,20,6,5,13,7
180,10,3,12,14,11,4,15
181,1,7,12,1,16,2,9
181,2,18,8,20,15,17,11
181,3,4,20,9,10,6,14
181,4,13,19,18,12,9,3
181,5,10,17,2,13,4,5
181,6,12,7,15,10,1,14
181,7,11,19,5,8,16,6
181,8,17,3,1,15,11,13
181,9,6,19,8,14,2,4
181,10,20,18,16,5,3,7
182,1,19,15,3,6,8,9
182,2,5,14,11,2,4,18
182,3,9,11,17,16,13,20
182,4,14,16,10,3,8,1
182,5,2,13,12,4,7,15
182,6,8,10,6,20,18,12
182,7,17,1,19,7,20,11
182,8,15,9,14,18,5,13
182,9,16,4,2,1,3,6
182,10,10,5,7,17,12,19
183,1,19,4,16,18,10,15
183,2,5,17,1,6,2,8
183,3,9,11,13,20,14,12
183,4,18,10,3,2,20,7
183,5,11,15,4,7,16,17
183,6,3,14,5,19,1,13
183,7,6,20,7,9,15,8
183,8,12,2,9,19,11,5
183,9,1,18,4,13,6,10
183,10,8,3,17,14,12,16
184,1,7,9,6,14,18,17
184,2,20,13,12,11,8,10
184,3,15,3,18,4,17,19
184,4,1,5,16,9,12,4
184,5,14,8,11,1,18,2
184,6,16,10,13,3,5,7
184,7,3,12,15,6,2,20
184,8,4,7,19,8,9,1
184,9,13,6,5,17,16,20
184,10,2,19,11,15,14,10
185,1,8,9,15,5,17,10
185,2,16,14,6,20,4,11
185,3,19,17,7,12,13,2
185,4,6,1,18,3,9,11
185,5,5,20,12,15,1,14
185,6,4,2,17,8,13,3
185,7,14,16,8,12,7,6
185,8,2,1,13,18,15,19
185,9,11,7,10,5,3,4
185,10,9,16,20,10,19,18
186,1,15,2,14,20,7,3
186,2,12,5,10,18,15,6
186,3,20,8,19,13,14,4
186,4,17,11,2,10,16,1
186,5,7,18,9,8,11,5
186,6,3,15,13,19,6,16
186,7,1,4,14,9,12,17
186,8,18,3,20,17,5,8
186,9,10,13,9,16,2,12
186,10,7,6,4,11,1,19
187,1,6,2,10,9,19,20
187,2,13,11,12,4,15,18
187,3,16,8,2,7,14,18
187,4,9,15,1,3,6,17
187,5,4,5,19,14,10,17
187,6,13,1,3,7,20,4
187,7,3,12,8,11,16,15
187,8,1,13,6,2,5,14
187,9,17,16,8,10,19,7
187,10,18,12,11,5,20,9
188,1,10,4,8,1,15,20
188,2,19,17,3,13,18,14
188,3,5,7,16,9,11,6
188,4,2,18,4,6,10,12
188,5,20,19,5,2,3,9
188,6,15,14,11,17,4,16
188,7,12,6,7,5,8,13
188,8,2,9,15,19,1,8
188,9,14,20,17,16,18,7
188,10,11,10,1,12,13,3
189,1,3,18,16,19,12,1
189,2,15,14,10,7,9,13
189,3,8,19,20,12,6,11
189,4,4,10,18,3,7,9
189,5,12,1,5,14,17,2
189,6,20,11,17,8,13,10
189,7,16,15,20,4,2,5
189,8,14,3,6,11,5,19
189,9,9,16,1,4,8,13
189,10,17,6,18,15,7,2
190,1,2,17,3,12,9,14
190,2,13,5,15,6,4,18
190,3,19,7,2,11,20,1
190,4,1,8,6,10,17,5
190,5,11,9,14,16,10,15
190,6,7,12,4,18,19,8
190,7,8,2,13,20,16,3
190,8,6,13,14,1,11,18
190,9,5,4,19,16,17,12
190,10,10,20,9,15,3,7
191,1,12,4,3,6,2,10
191,2,18,16,7,1,14,19
191,3,20,13,9,17,4,6
191,4,15,5,8,2,3,11
191,5,5,19,10,13,14,7
191,6,4,11,12,20,15,17
191,7,1,8,18,9,20,14
191,8,6,1,7,3,12,16
191,9,18,10,17,8,2,15
191,10,11,9,19,13,16,5
192,1,1,4,16,2,10,11
192,2,15,17,13,7,9,12
192,3,14,20,4,3,5,8
192,4,19,6,15,18,9,16
192,5,10,15,12,5,20,1
192,6,3,18,8,13,11,14
192,7,17,16,20,19,6,10
192,8,9,7,2,5,18,4
192,9,13,2,11,17,1,3
192,10,7,12,19,14,8,6
193,1,19,14,11,4,15,9
193,2,2,18,12,10,13,20
193,3,5,17,1,15,7,11
193,4,16,8,4,6,3,9
193,5,3,20,18,17,19,1
193,6,12,14,5,10,8,16
193,7,6,2,7,15,14,13
193,8,17,3,10,18,11,6
193,9,8,1,9,12,19,2
193,10,20,7,5,4,13,16
194,1,18,12,3,11,7,4
194,2,16,19,13,8,1,15
194,3,14,9,20,5,17,3
194,4,10,6,16,2,18,19
194,5,9,6,13,1,12,17
194,6,8,5,2,15,4,18
194,7,7,11,1,20,14,10
194,8,13,3,9,19,10,5
194,9,2,15,14,16,20,12
194,10,4,11,17,7,6,8
195,1,11,13,18,9,16,12
195,2,6,14,15,3,2,7
195,3,4,8,10,16,19,17
195,4,13,17,4,14,5,12
195,5,11,7,20,9,8,2
195,6,16,10,15,4,3,1
195,7,19,20,6,1,5,18
195,8,12,10,5,7,8,3
195,9,14,1,17,2,9,18
195,10,15,19,6,13,11,20
196,1,3,16,14,11,6,5
196,2,18,15,8,17,7,13
196,3,10,2,4,19,11,9
196,4,17,19,7,12,16,20
196,5,8,5,12,18,15,1
196,6,20,9,10,14,4,6
196,7,5,12,19,3,13,2
196,8,14,13,1,10,15,8
196,9,2,18,16,20,17,11
196,10,9,3,7,6,1,4
197,1,19,5,2,11,7,8
197,2,9,4,20,19,12,14
197,3,10,6,3,8,18,13
197,4,17,16,9,5,1,7
197,5,6,9,11,12,10,15
197,6,13,14,18,2,4,16
197,7,20,15,3,1,16,17
197,8,7,10,2,6,12,17
197,9,5,3,15,14,18,19
197,10,1,20,8,4,13,11
198,1,18,7,14,11,3,10
198,2,4,2,17,8,9,6
198,3,7,13,15,10,20,19
198,4,11,18,5,1,16,6
198,5,8,12,6,16,14,15
198,6,5,11,13,17,19,9
198,7,12,1,7,20,18,4
198,8,16,8,20,9,2,3
198,9,1,17,13,10,14,2
198,10,3,4,19,15,5,12
199,1,9,3,1,8,17,18
199,2,6,20,2,13,7,5
199,3,12,10,11,19,1,14
199,4,13,4,16,7,2,3
199,5,15,19,8,7,11,17
199,6,9,5,16,18,10,20
199,7,6,11,1,2,4,14
199,8,15,16,12,13,6,9
199,9,3,14,12,20,19,8
199,10,17,18,5,4,10,15
200,1,4,6,17,19,18,13
200,2,14,9,11,16,3,7
200,3,2,15,5,6,12,20
200,4,8,1,4,10,5,7
200,5,14,12,18,17,8,16
200,6,1,2,9,15,3,19
200,7,20,12,3,11,13,10
200,8,19,17,6,14,20,4
200,9,18,7,13,9,15,1
200,10,16,8,10,5,2,11
201,1,1,20,6,18,8,5
201,2,4,11,12,3,17,15
201,3,18,2,10,19,9,11
201,4,15,16,14,13,7,20
201,5,17,3,7,6,10,5
201,6,13,14,8,9,5,4
201,7,7,1,19,12,16,2
201,8,10,17,14,12,9,18
201,9,11,13,1,3,6,16
201,10,2,15,20,4,19,8
202,1,11,8,9,20,13,12
202,2,5,3,17,15,6,2
202,3,19,16,4,14,1,10
202,4,7,13,19,2,12,18
202,5,8,10,16,6,15,9
202,6,16,5,11,17,20,1
202,7,18,4,3,10,20,13
202,8,9,7,15,18,5,14
202,9,3,19,8,17,14,2
202,10,7,6,4,1,12,11
203,1,16,18,12,8,1,3
203,2,2,7,20,4,5,9
203,3,17,10,19,13,14,6
203,4,15,2,18,16,11,4
203,5,19,8,10,1,13,5
203,6,11,20,15,14,3,6
203,7,10,12,9,7,17,15
203,8,8,11,2,18,7,14
203,9,12,13,16,5,4,17
203,10,20,9,1,3,6,19
204,1,6,18,7,16,19,8
204,2,14,5,11,2,13,1
204,3,12,17,2,8,20,10
204,4,3,4,7,11,9,19
204,5,20,1,18,15,4,14
204,6,5,6,3,12,10,2
204,7,13,15,11,9,16,17
204,8,10,14,6,7,15,1
204,9,18,19,5,20,17,16
204,10,4,9,13,3,8,12
205,1,16,4,6,18,10,3
205,2,9,1,14,5,2,12
205,3,17,20,8,10,11,7
205,4,13,15,18,19,11,12
205,5,2,6,16,8,15,13
205,6,1,3,19,17,4,7
205,7,20,9,14,7,16,13
205,8,8,5,4,15,19,11
205,9,6,14,17,2,18,9
205,10,3,12,10,5,1,20
206,1,14,10,5,9,16,19
206,2,15,18,20,13,2,3
206,3,19,11,12,4,17,6
206,4,10,2,1,13,7,5
206,5,12,7,3,16,14,8
206,6,19,13,17,20,6,15
206,7,5,8,11,6,18,9
206,8,1,16,2,10,4,15
206,9,4,7,14,12,18,20
206,10,11,17,9,1,8,3
207,1,13,6,8,4,14,1
207,2,5,18,15,7,3,17
207,3,12,20,2,16,11,10
207,4,1,15,19,8,10,9
207,5,6,9,5,11,12,18
207,6,2,19,13,14,3,17
207,7,7,8,17,20,6,16
207,8,4,5,15,14,12,11
207,9,18,19,16,3,20,1
207,10,7,2,10,13,9,4
208,1,9,1,6,12,2,20
208,2,7,10,13,11,19,18
208,3,16,14,12,1,17,5
208,4,15,3,9,2,8,4
208,5,3,13,7,6,5,16
208,6,14,10,18,15,20,8
208,7,17,12,4,19,7,15
208,8,11,4,20,9,16,6
208,9,8,5,1,18,13,19
208,10,11,17,3,2,14,10
209,1,20,11,5,15,1,7
209,2,10,4,18,3,6,14
209,3,17,9,11,12,13,8
209,4,2,7,9,14,6,19
209,5,18,16,12,1,15,2
209,6,4,8,20,5,17,10
209,7,3,16,13,11,19,14
209,8,8,6,7,15,3,12
209,9,1,18,4,17,9,13
209,10,19,2,16,20,10,5
210,1,20,3,15,16,5,9
210,2,12,11,1,17,18,2
210,3,5,13,14,6,8,19
210,4,16,17,2,8,4,7
210,5,9,12,19,13,20,3
210,6,6,1,7,5,4,18
210,7,10,15,14,9,17,16
210,8,13,3,10,12,2,4
210,9,14,20,8,18,7,11
210,10,15,19,6,10,1,11
211,1,4,8,11,19,2,5
211,2,18,16,10,7,9,12
211,3,13,20,17,14,1,6
211,4,3,5,17,11,15,16
211,5,14,10,8,13,12,15
211,6,7,19,9,1,3,18
211,7,6,14,5,4,2,20
211,8,15,17,20,7,9,13
211,9,8,1,3,4,11,10
211,10,19,18,16,2,12,6
212,1,16,4,13,18,11,14
212,2,17,6,12,9,10,5
212,3,20,2,1,8,19,15
212,4,7,15,3,5,14,4
212,5,11,13,10,12,7,20
212,6,18,17,6,19,8,3
212,7,9,12,4,8,16,14
212,8,3,20,2,17,13,1
212,9,2,11,15,10,18,6
212,10,5,7,19,16,9,1
213,1,10,19,17,6,15,13
213,2,8,18,13,9,5,2
213,3,12,14,1,20,19,4
213,4,7,5,16,3,13,2
213,5,11,15,18,14,5,17
213,6,1,7,8,6,16,12
213,7,20,3,18,10,4,8
213,8,17,2,9,19,14,7
213,9,10,6,20,4,11,16
213,10,1,9,12,3,15,11
214,1,16,4,5,15,12,19
214,2,14,11,7,2,3,10
214,3,4,1,18,17,20,13
214,4,9,8,6,20,5,3
214,5,19,13,11,16,6,10
214,6,2,14,15,18,8,12
214,7,5,10,14,17,1,9
214,8,11,9,19,7,4,2
214,9,12,16,3,20,18,17
214,10,6,13,15,1,7,8
215,1,14,9,4,15,20,6
215,2,8,1,2,11,17,16
215,3,18,12,19,5,6,7
215,4,15,16,13,1,3,14
215,5,5,8,11,19,10,20
215,6,13,17,4,2,12,6
215,7,2,7,20,18,15,16
215,8,9,10,8,12,19,14
215,9,3,11,5,13,9,18
215,10,17,3,10,4,7,1
216,1,1,20,6,14,2,11
216,2,13,4,9,16,10,18
216,3,3,19,15,8,2,17
216,4,16,7,14,13,17,5
216,5,12,6,2,11,9,3
216,6,19,10,7,18,12,20
216,7,15,5,1,10,4,9
216,8,20,17,16,7,8,11
216,9,4,14,3,19,18,15
216,10,6,8,12,5,1,13
217,1,15,18,10,9,1,20
217,2,11,4,17,5,12,2
217,3,7,14,6,3,16,8
217,4,9,2,20,1,14,5
217,5,6,15,7,10,13,17
217,6,19,18,8,9,16,4
217,7,14,12,20,11,13,19
217,8,10,16,2,5,3,1
217,9,13,15,4,8,11,7
217,10,17,12,18,6,19,3
218,1,2,9,16,15,6,13
218,2,10,20,19,1,3,8
218,3,1,13,18,12,11,7
218,4,20,5,4,2,6,18
218,5,16,11,17,19,14,9
218,6,12,3,5,14,7,15
218,7,8,2,14,6,18,10
218,8,9,19,1,4,17,7
218,9,4,16,12,3,10,13
218,10,5,15,11,20,8,17
219,1,20,6,9,7,11,3
219,2,18,2,13,17,5,19
219,3,16,14,1,8,15,12
219,4,4,7,10,6,2,1
219,5,3,18,11,5,15,19
219,6,8,10,12,17,9,20
219,7,19,13,3,16,20,4
219,8,11,1,17,18,14,10
219,9,13,9,16,2,15,8
219,10,14,5,6,7,4,12
220,1,2,19,14,20,13,7
220,2,17,3,9,15,6,4
220,3,18,13,10,16,5,8
220,4,15,11,19,12,1,6
220,5,7,3,19,10,8,2
220,6,1,4,13,11,16,14
220,7,5,12,15,17,10,20
220,8,6,17,1,9,18,16
220,9,9,8,5,4,7,11
220,10,12,20,2,14,18,3
221,1,19,9,2,10,1,11
221,2,20,14,17,3,4,8
221,3,10,16,7,2,12,15
221,4,6,11,20,9,13,18
221,5,5,6,8,14,16,18
221,6,7,15,4,18,17,2
221,7,12,1,3,13,8,9
221,8,12,4,6,15,19,5
221,9,7,17,16,19,20,1
221,10,10,5,11,13,14,3
222,1,3,18,16,7,11,12
222,2,14,10,9,15,20,19
222,3,16,5,3,4,2,17
222,4,8,6,13,4,10,18
222,5,13,7,12,20,9,5
222,6,15,1,8,11,2,4
222,7,17,19,14,6,11,16
222,8,18,12,15,1,17,13
222,9,10,2,20,3,9,6
222,10,1,8,7,19,5,14
223,1,2,13,8,12,4,19
223,2,20,16,15,11,7,10
223,3,3,18,14,1,6,9
223,4,11,17,12,6,10,8
223,5,4,20,5,18,19,1
223,6,2,14,17,16,7,9
223,7,11,20,4,13,3,15
223,8,6,1,5,16,12,2
223,9,9,7,18,8,19,15
223,10,17,3,13,5,14,10
224,1,4,12,10,7,1,14
224,2,18,2,11,9,13,5
224,3,15,19,6,20,3,16
224,4,1,8,3,17,7,13
224,5,16,9,2,12,20,4
224,6,8,15,14,20,5,11
224,7,13,10,19,15,17,6
224,8,14,12,9,8,18,17
224,9,5,6,7,3,1,2
224,10,19,11,18,10,16,4
225,1,11,19,12,3,6,7
225,2,9,15,16,5,8,10
225,3,17,1,11,2,20,8
225,4,14,7,4,6,13,20
225,5,8,16,5,19,9,3
225,6,12,20,7,18,10,17
225,7,1,18,13,2,14,15
225,8,6,11,9,17,5,4
225,9,10,13,2,14,19,12
225,10,3,4,1,16,15,18
226,1,17,2,18,7,5,15
226,2,16,13,12,1,11,20
226,3,4,9,19,14,10,3
226,4,20,8,3,2,18,6
226,5,5,6,10,19,1,16
226,6,9,11,7,8,4,12
226,7,13,14,1,6,15,9
226,8,2,3,17,11,16,14
226,9,7,10,20,13,18,5
226,10,15,4,8,12,17,19
227,1,11,14,5,18,12,3
227,2,8,10,6,16,13,7
227,3,12,1,19,9,2,20
227,4,19,17,1,7,3,11
227,5,16,8,18,4,6,2
227,6,5,15,3,9,12,13
227,7,14,9,6,10,7,17
227,8,13,5,20,4,8,1
227,9,18,19,15,10,2,11
227,10,20,4,17,15,14,16
228,1,1,12,10,16,9,18
228,2,4,17,2,5,13,10
228,3,1,6,14,11,15,7
228,4,6,20,12,8,3,17
228,5,7,20,9,13,18,19
228,6,15,16,11,2,4,12
228,7,10,3,8,14,19,5
228,8,18,9,15,20,11,14
228,9,19,5,13,17,16,6
228,10,3,2,8,1,7,4
229,1,16,7,5,6,15,20
229,2,3,18,9,17,4,10
229,3,12,11,16,5,8,7
229,4,2,7,15,3,9,13
229,5,4,1,6,19,10,11
229,6,14,12,2,13,8,19
229,7,2,5,1,20,17,9
229,8,8,15,13,3,11,18
229,9,10,14,4,12,20,6
229,10,17,19,16,18,14,1
230,1,20,2,10,14,16,8
230,2,5,10,12,1,3,15
230,3,9,13,17,11,6,8
230,4,18,4,19,7,5,14
230,5,6,3,20,15,2,19
230,6,13,16,4,8,1,9
230,7,15,17,18,7,12,10
230,8,7,9,11,5,19,2
230,9,4,18,14,12,6,16
230,10,11,20,3,1,17,13
231,1,8,6,10,11,18,2
231,2,19,3,16,9,20,12
231,3,6,13,15,14,1,7
231,4,19,18,20,13,4,5
231,5,11,4,7,10,16,3
231,6,9,8,6,15,5,1
231,7,2,12,13,16,17,1
231,8,20,8,7,18,14,3
231,9,17,10,9,4,19,15
231,10,14,5,2,17,11,12
232,1,16,17,8,20,15,19
232,2,12,7,14,3,4,9
232,3,5,11,1,10,18,13
232,4,7,2,8,19,13,6
232,5,3,6,18,12,5,17
232,6,15,14,4,2,9,11
232,7,7,1,17,8,20,10
232,8,10,16,3,13,2,14
232,9,20,15,5,6,12,4
232,10,18,19,11,9,1,16
233,1,1,13,3,4,10,12
233,2,11,2,18,6,8,20
233,3,14,16,12,19,7,5
233,4,13,6,19,4,17,9
233,5,12,15,14,18,8,1
233,6,9,10,15,7,16,20
233,7,17,4,11,5,3,2
233,8,15,7,16,17,13,18
233,9,8,19,20,3,2,1
233,10,10,11,9,14,6,5
234,1,16,3,19,11,15,12
234,2,5,14,17,8,20,13
234,3,3,1,4,6,7,18
234,4,8,9,13,12,11,7
234,5,5,2,10,15,16,6
234,6,19,20,1,11,14,4
234,7,4,8,2,9,10,18
234,8,1,18,7,16,5,17
234,9,13,3,14,10,19,15
234,10,2,12,6,20,17,9
235,1,20,5,18,3,9,16
235,2,7,12,2,1,19,10
235,3,6,13,4,15,11,17
235,4,3,14,8,1,9,17
235,5,18,20,13,2,12,14
235,6,19,17,20,7,10,11
235,7,13,1,16,4,6,14
235,8,15,5,19,8,18,12
235,9,6,16,11,10,3,8
235,10,9,7,5,2,4,15
236,1,14,4,5,20,11,16
236,2,17,15,3,1,7,2
236,3,12,9,6,18,10,13
236,4,4,8,7,19,14,6
236,5,1,10,12,5,15,20
236,6,16,19,13,2,3,18
236,7,11,18,17,12,8,4
236,8,9,11,1,13,20,7
236,9,10,17,16,14,2,15
236,10,3,6,9,5,8,19
237,1,5,19,10,17,13,11
237,2,14,9,15,16,3,8
237,3,2,11,6,20,12,1
237,4,12,13,4,8,16,5
237,5,1,3,17,15,19,6
237,6,18,5,7,14,2,11
237,7,18,8,20,10,7,3
237,8,16,12,9,17,14,19
237,9,4,6,15,13,20,7
237,10,2,10,18,9,1,4
238,1,10,17,4,16,20,8
238,2,6,18,14,19,1,5
238,3,15,5,3,13,9,10
238,4,20,3,19,12,4,2
238,5,8,15,1,11,14,10
238,6,11,16,12,6,7,3
238,7,15,7,18,4,17,9
238,8,7,19,8,2,12,13
238,9,17,14,2,6,5,20
238,10,13,1,11,9,18,16
239,1,8,14,9,12,1,17
239,2,16,6,20,15,13,2
239,3,4,18,19,3,17,11
239,4,3,13,10,7,6,14
239,5,19,2,8,11,15,9
239,6,1,4,16,5,10,7
239,7,6,10,12,20,18,15
239,8,17,2,5,7,13,8
239,9,19,4,1,18,16,12
239,10,11,20,5,14,9,3
240,1,7,17,2,16,10,14
240,2,13,5,11,12,3,4
240,3,17,18,3,19,1,6
240,4,10,11,6,9,7,16
240,5,14,9,13,18,19,15
240,6,20,8,16,1,4,5
240,7,9,12,17,3,6,2
240,8,20,7,15,8,5,19
240,9,2,1,14,4,13,20
240,10,12,15,10,8,11,18
241,1,9,13,1,10,19,11
241,2,18,16,3,2,8,13
241,3,5,15,4,17,12,11
241,4,16,20,6,18,2,9
241,5,5,12,7,14,3,1
241,6,10,14,8,6,4,19
241,7,13,20,17,11,18,7
241,8,4,3,2,10,15,5
241,9,14,9,12,19,7,20
241,10,6,1,15,16,8,17
242,1,19,2,11,15,1,16
242,2,8,7,5,4,19,9
242,3,3,17,13,20,12,10
242,4,15,11,18,5,6,14
242,5,2,8,7,1,12,6
242,6,18,20,9,3,16,4
242,7,12,4,10,17,14,13
242,8,11,19,13,5,6,16
242,9,7,15,14,3,20,1
242,10,2,10,8,9,17,18
243,1,1,4,5,7,2,18
243,2,13,6,12,9,15,8
243,3,16,5,19,20,10,17
243,4,6,3,1,15,9,4
243,5,11,12,20,7,15,16
243,6,19,14,18,4,13,2
243,7,17,16,14,8,11,3
243,8,1,2,9,10,5,12
243,9,20,11,3,13,8,14
243,10,18,10,6,17,19,7
244,1,3,16,7,2,14,9
244,2,5,18,1,13,15,8
244,3,10,6,4,11,2,20
244,4,4,19,7,12,17,15
244,5,9,13,20,16,18,12
244,6,8,10,4,6,5,3
244,7,17,1,19,9,11,20
244,8,15,17,2,14,3,18
244,9,7,8,10,11,13,1
244,10,12,6,16,19,5,14
245,1,16,7,15,13,11,2
245,2,14,18,8,4,20,6
245,3,3,2,10,1,12,19
245,4,6,9,17,5,3,13
245,5,9,11,12,18,4,7
245,6,20,19,15,8,16,10
245,7,12,7,11,3,6,14
245,8,10,17,20,1,9,5
245,9,19,8,13,18,2,5
245,10,1,14,17,15,4,16
246,1,14,20,3,7,18,10
246,2,13,19,14,2,11,4
246,3,18,12,16,5,8,17
246,4,15,9,1,14,2,6
246,5,4,12,15,20,3,13
246,6,11,5,6,8,17,1
246,7,9,3,19,16,7,6
246,8,2,15,5,10,18,11
246,9,7,13,20,17,1,19
246,10,4,16,9,12,10,8
247,1,5,9,19,20,14,15
247,2,3,1,18,6,16,13
247,3,19,4,17,2,20,15
247,4,10,14,5,9,8,7
247,5,6,11,18,1,20,12
247,6,8,10,13,16,4,15
247,7,2,8,11,17,12,3
247,8,13,4,6,7,9,17
247,9,16,1,12,11,14,10
247,10,5,3,2,19,7,18
248,1,20,5,16,4,7,2
248,2,15,18,14,12,10,13
248,3,1,8,3,19,4,11
248,4,14,2,9,20,6,8
248,5,7,15,18,16,17,3
248,6,12,13,6,10,19,5
248,7,18,17,11,14,9,1
248,8,8,7,4,13,1,20
248,9,17,6,2,12,16,19
248,10,11,3,5,15,9,10
249,1,17,13,16,5,14,4
249,2,2,1,8,7,15,12
249,3,18,20,10,6,11,19
249,4,12,20,13,9,5,3
249,5,3,17,8,18,14,20
249,6,10,16,1,2,13,9
249,7,6,11,7,3,15,4
249,8,8,4,12,18,19,9
249,9,1,16,2,11,5,17
249,10,15,7,10,6,19,14
250,1,10,5,20,3,1,12
250,2,11,9,19,15,16,8
250,3,7,6,17,4,10,18
250,4,14,2,7,13,12,11
250,5,16,18,20,5,6,1
250,6,9,19,3,1,4,2
250,7,13,12,15,17,8,6
250,8,5,16,14,8,3,7
250,9,20,10,9,2,17,11
250,10,19,14,4,15,18,13
251,1,1,15,6,14,2,5
251,2,19,10,11,3,13,16
251,3,18,9,15,7,20,12
251,4,17,14,4,10,8,11
251,5,8,18,7,19,3,1
251,6,11,20,12,6,16,4
251,7,16,17,9,13,5,7
251,8,15,8,2,20,17,19
251,9,4,12,5,9,1,14
251,10,3,2,18,10,13,6
252,1,13,19,1,16,12,14
252,2,12,3,4,17,9,2
252,3,14,5,12,18,10,15
252,4,7,13,8,6,20,1
252,5,4,15,16,3,18,5
252,6,2,11,14,9,6,20
252,7,19,1,17,8,15,10
252,8,9,7,13,11,18,17
252,9,20,4,10,7,2,16
252,10,5,6,11,19,8,3
253,1,7,18,19,10,12,2
253,2,15,20,3,17,5,13
253,3,14,16,6,4,9,8
253,4,2,5,19,11,7,13
253,5,17,8,14,12,3,2
253,6,16,19,9,1,20,18
253,7,1,10,3,4,11,15
253,8,6,1,16,12,7,17
253,9,20,4,8,11,18,5
253,10,6,13,10,14,15,9
254,1,6,8,11,2,16,18
254,2,4,9,1,7,10,3
254,3,12,16,20,14,4,19
254,4,13,2,17,5,6,4
254,5,3,15,13,8,9,16
254,6,10,11,7,14,19,17
254,7,8,7,2,15,12,5
254,8,1,14,18,13,20,10
254,9,18,6,5,19,17,9
254,10,11,3,15,20,1,12
255,1,5,20,17,16,19,14
255,2,7,13,12,4,11,15
255,3,14,1,3,18,5,2
255,4,10,6,20,16,7,8
255,5,12,17,18,1,4,6
255,6,9,11,8,5,14,7
255,7,4,2,19,3,13,20
255,8,16,10,9,17,2,15
255,9,13,15,1,18,11,8
255,10,9,12,6,19,3,10
256,1,5,12,7,15,6,20
256,2,17,18,14,3,11,16
256,3,19,9,15,2,1,4
256,4,8,3,10,20,17,7
256,5,2,14,13,6,16,1
256,6,8,19,5,13,10,12
256,7,18,7,11,4,16,9
256,8,3,14,1,10,13,17
256,9,15,4,5,6,19,11
256,10,12,18,2,8,20,9
257,1,16,12,10,17,15,18
257,2,4,1,19,8,14,7
257,3,11,13,9,5,2,20
257,4,9,15,18,14,7,6
257,5,17,3,11,13,4,12
257,6,2,10,8,1,5,6
257,7,20,19,15,16,6,3
257,8,10,5,4,9,3,18
257,9,20,17,14,11,8,1
257,10,13,7,16,12,2,19
258,1,6,13,16,18,8,3
258,2,14,4,2,15,20,10
258,3,1,5,7,17,9,19
258,4,11,8,4,9,12,6
258,5,15,2,3,19,18,11
258,6,5,11,12,16,10,14
258,7,3,9,20,7,13,1
258,8,18,17,12,1,15,5
258,9,7,16,2,10,14,8
258,10,19,6,13,20,17,4
259,1,5,20,6,4,7,18
259,2,16,1,13,8,15,9
259,3,3,12,6,2,19,14
259,4,11,18,10,2,13,20
259,5,19,8,14,18,9,17
259,6,8,5,3,12,4,16
259,7,6,11,17,10,1,7
259,8,9,10,20,12,19,15
259,9,17,16,4,1,2,11
259,10,7,14,15,3,5,13
260,1,2,3,11,9,6,5
260,2,20,15,17,14,4,8
260,3,18,7,19,5,11,16
260,4,12,20,7,1,3,2
260,5,4,17,9,13,10,5
260,6,15,16,1,19,14,6
260,7,1,13,8,12,18,10
260,8,18,4,15,7,17,2
260,9,14,9,16,11,20,12
260,10,10,19,3,6,8,13
261,1,14,18,10,3,16,4
261,2,5,11,20,19,1,15
261,3,17,7,9,13,12,6
261,4,16,2,17,15,8,3
261,5,10,6,5,20,1,4
261,6,13,19,18,2,9,14
261,7,7,9,1,11,16,3
261,8,2,8,12,20,18,5
261,9,6,14,13,7,15,4
261,10,8,17,11,10,12,19
262,1,2,10,16,5,13,20
262,2,12,1,14,6,11,18
262,3,9,4,7,8,10,19
262,4,11,13,5,17,14,12
262,5,19,3,4,18,16,1
262,6,15,6,9,17,3,20
262,7,4,12,8,2,7,15
262,8,3,5,19,14,17,7
262,9,1,2,6,9,10,16
262,10,13,15,18,20,11,8
263,1,20,10,13,3,7,16
263,2,1,9,14,15,5,8
263,3,6,11,18,4,2,17
263,4,12,1,4,9,19,13
263,5,3,7,10,18,8,11
263,6,8,20,12,14,2,6
263,7,5,12,17,16,3,9
263,8,19,18,1,13,6,7
263,9,4,14,2,15,5,10
263,10,17,19,15,16,20,11
264,1,13,2,7,4,14,20
264,2,19,15,11,10,9,12
264,3,8,5,16,6,13,17
264,4,18,17,14,1,12,3
264,5,9,20,19,7,18,5
264,6,11,3,8,4,13,2
264,7,10,16,6,12,15,18
264,8,1,8,2,19,17,10
264,9,20,6,3,11,9,14
264,10,15,4,5,16,1,7
265,1,16,14,7,11,19,10
265,2,4,15,3,13,20,1
265,3,17,9,12,7,2,11
265,4,3,5,10,2,6,18
265,5,14,12,4,19,5,13
265,6,20,16,9,15,18,17
265,7,15,3,8,5,6,19
265,8,7,1,20,10,17,12
265,9,14,13,2,8,18,9
265,10,16,6,11,8,4,1
266,1,2,8,16,20,12,19
266,2,10,4,6,9,7,17
266,3,13,11,18,14,15,16
266,4,7,15,19,5,1,2
266,5,18,20,10,12,4,3
266,6,11,17,19,6,14,13
266,7,9,10,1,3,8,14
266,8,8,18,5,17,16,4
266,9,6,2,15,12,3,7
266,10,9,5,20,1,13,11
267,1,16,8,12,13,9,7
267,2,19,4,1,14,2,18
267,3,5,13,11,3,10,15
267,4,14,7,17,20,6,8
267,5,4,10,16,2,11,9
267,6,6,12,5,18,2,1
267,7,15,19,17,3,20,9
267,8,18,1,8,7,11,15
267,9,10,14,6,5,20,16
267,10,12,19,13,17,3,4
268,1,11,7,19,10,5,14
268,2,13,20,17,6,8,19
268,3,7,3,14,16,12,4
268,4,2,17,15,1,10,13
268,5,1,12,9,4,5,8
268,6,18,16,13,19,6,10
268,7,11,9,3,6,15,2
268,8,17,2,7,18,16,5
268,9,3,11,4,8,1,20
268,10,20,18,9,15,14,12
269,1,5,7,18,8,17,3
269,2,20,16,2,11,19,1
269,3,15,6,4,14,7,10
269,4,9,13,16,2,1,3
269,5,10,8,12,18,15,6
269,6,7,5,13,11,12,20
269,7,8,9,5,19,3,14
269,8,12,1,15,16,17,13
269,9,19,18,20,9,4,10
269,10,4,11,2,17,14,6
270,1,6,14,1,13,18,9
270,2,12,19,7,8,16,11
270,3,3,5,20,10,17,2
270,4,16,15,6,9,4,5
270,5,1,3,10,12,7,11
270,6,14,2,8,15,13,19
270,7,17,4,20,14,1,18
270,8,2,12,6,3,19,16
270,9,5,10,11,15,9,17
270,10,13,20,18,7,4,8
271,1,4,15,3,17,7,19
271,2,19,11,12,20,6,18
271,3,13,10,7,2,9,8
271,4,3,18,4,16,11,14
271,5,12,14,5,1,10,13
271,6,8,17,14,9,2,15
271,7,7,3,1,20,16,6
271,8,9,17,2,5,18,12
271,9,1,20,16,19,15,10
271,10,5,6,11,4,8,13
272,1,16,1,14,12,11,17
272,2,15,7,13,18,11,2
272,3,4,9,19,5,12,1
272,4,14,8,20,16,5,3
272,5,17,13,9,7,6,16
272,6,2,19,18,10,3,4
272,7,20,2,15,7,14,12
272,8,18,6,10,1,8,17
272,9,6,19,3,13,5,15
272,10,10,4,8,11,20,9
273,1,11,14,3,6,10,1
273,2,8,15,12,4,13,16
273,3,11,5,7,19,18,2
273,4,12,3,13,17,10,20
273,5,18,12,4,11,15,9
273,6,20,16,5,2,1,8
273,7,14,4,17,6,2,7
273,8,19,8,18,9,3,13
273,9,17,16,14,10,19,5
273,10,15,20,9,1,7,6
274,1,2,11,8,12,19,6
274,2,9,1,16,3,7,18
274,3,17,13,15,20,5,4
274,4,7,9,10,8,19,14
274,5,16,10,2,13,4,11
274,6,5,3,18,15,14,12
274,7,1,6,17,4,20,19
274,8,13,7,1,5,9,14
274,9,3,17,15,16,8,11
274,10,6,18,10,20,12,2
275,1,19,1,12,4,2,7
275,2,14,3,6,11,20,5
275,3,18,8,1,10,17,15
275,4,9,2,17,14,13,3
275,5,7,5,8,12,10,4
275,6,15,18,11,19,14,20
275,7,10,16,9,6,13,4
275,8,3,7,6,8,1,15
275,9,16,9,2,5,11,20
275,10,13,17,19,18,16,12
276,1,5,11,7,17,13,1
276,2,12,6,4,19,3,9
276,3,8,20,16,18,14,7
276,4,2,15,13,3,10,1
276,5,11,9,6,18,17,7
276,6,4,12,3,20,2,8
276,7,6,2,15,9,16,5
276,8,17,4,11,14,8,19
276,9,20,10,19,13,5,18
276,10,10,12,14,1,15,16
277,1,12,11,13,6,1,8
277,2,7,19,16,15,4,5
277,3,17,14,20,2,9,10
277,4,4,13,1,3,18,14
277,5,18,6,5,16,12,17
277,6,15,17,10,7,11,3
277,7,1,19,2,5,8,9
277,8,19,14,12,13,20,7
277,9,2,4,11,10,6,15
277,10,16,20,3,9,18,8
278,1,20,13,9,12,3,11
278,2,1,5,4,17,14,18
278,3,10,16,19,7,3,11
278,4,14,9,8,15,12,6
278,5,6,18,7,4,20,10
278,6,16,2,14,15,4,13
278,7,5,8,10,11,1,19
278,8,8,7,17,12,16,2
278,9,13,18,5,2,6,3
278,10,9,15,20,1,17,19
279,1,4,5,9,10,7,12
279,2,19,20,16,14,6,13
279,3,11,2,12,1,18,15
279,4,8,3,20,5,4,17
279,5,9,10,18,14,8,16
279,6,3,1,2,6,19,17
279,7,7,13,19,18,9,15
279,8,11,1,4,16,2,20
279,9,10,12,6,8,17,13
279,10,3,11,14,7,15,5
280,1,6,19,14,2,7,12
280,2,9,4,13,17,11,16
280,3,5,10,3,18,12,1
280,4,20,8,15,13,2,7
280,5,14,3,1,17,9,4
280,6,15,5,8,19,16,6
280,7,13,15,18,11,10,20
280,8,18,6,7,4,16,1
280,9,11,14,8,9,5,2
280,10,12,19,17,3,20,10
281,1,20,17,10,7,6,9
281,2,2,18,19,8,4,3
281,3,1,11,6,12,5,13
281,4,12,4,16,14,15,10
281,5,1,17,5,2,20,18
281,6,16,7,1,8,13,3
281,7,18,9,11,19,15,14
281,8,2,16,12,3,10,9
281,9,8,14,11,20,7,6
281,10,17,13,15,5,19,4
282,1,15,20,5,1,8,12
282,2,6,4,3,11,9,19
282,3,17,7,2,16,18,5
282,4,14,16,4,20,11,12
282,5,19,10,1,13,2,14
282,6,7,12,17,9,3,15
282,7,13,10,7,4,18,8
282,8,3,2,20,15,14,6
282,9,10,1,9,8,19,16
282,10,5,6,13,11,17,18
283,1,10,15,9,5,4,6
283,2,20,3,16,18,19,13
283,3,7,8,17,15,1,11
283,4,12,9,14,1,13,4
283,5,8,15,18,19,16,17
283,6,5,7,3,14,10,11
283,7,16,1,5,6,12,20
283,8,4,14,18,20,9,2
283,9,13,12,7,2,11,19
283,10,2,6,8,10,17,3
284,1,9,13,2,12,5,8
284,2,1,19,10,6,7,14
284,3,14,17,11,3,12,18
284,4,19,5,20,7,8,4
284,5,6,18,7,16,3,9
284,6,11,2,13,17,20,10
284,7,3,8,4,12,1,15
284,8,18,16,15,10,14,5
284,9,1,20,19,9,11,17
284,10,4,2,6,13,15,16
285,1,17,6,8,13,12,14
285,2,15,20,18,7,2,1
285,3,3,4,11,16,17,5
285,4,9,18,12,10,19,8
285,5,14,11,1,8,13,3
285,6,6,5,15,20,10,9
285,7,2,19,17,4,16,7
285,8,13,3,5,15,14,19
285,9,7,12,18,4,6,20
285,10,16,1,9,11,10,2
286,1,4,11,6,19,5,8
286,2,14,16,20,17,7,3
286,3,4,15,10,17,18,1
286,4,19,17,14,9,2,12
286,5,8,15,5,18,12,11
286,6,19,1,16,6,13,20
286,7,18,13,7,2,5,9
286,8,10,14,2,3,8,20
286,9,11,9,4,1,3,6
286,10,12,10,13,16,15,7
287,1,18,8,14,4,6,2
287,2,15,16,3,7,9,19
287,3,5,17,12,13,20,10
287,4,14,7,8,5,1,16
287,5,13,3,11,10,4,2
287,6,9,8,20,15,6,17
287,7,16,12,1,19,18,11
287,8,6,2,15,1,17,5
287,9,10,13,19,14,9,18
287,10,20,11,3,12,7,4
288,1,6,18,12,5,3,19
288,2,17,9,16,8,13,11
288,3,1,5,4,14,7,10
288,4,11,19,15,2,1,20
288,5,3,6,13,1,18,7
288,6,2,16,10,12,14,17
288,7,15,4,9,20,8,13
288,8,20,10,6,11,19,16
288,9,5,7,2,3,9,8
288,10,12,14,17,18,4,15
289,1,19,11,7,18,8,17
289,2,10,8,13,6,15,14
289,3,12,9,1,2,4,19
289,4,3,15,16,20,11,5
289,5,1,10,3,13,17,18
289,6,7,6,2,5,16,12
289,7,8,20,4,9,14,1
289,8,17,4,19,3,10,5
289,9,15,2,9,7,11,18
289,10,16,14,12,6,13,20
290,1,8,19,11,15,10,14
290,2,5,20,18,9,12,16
290,3,7,17,11,4,6,13
290,4,18,5,14,8,1,17
290,5,9,3,19,6,15,12
290,6,20,13,10,7,5,2
290,7,2,1,8,3,16,4
290,8,11,12,6,10,9,1
290,9,2,7,17,19,20,14
290,10,4,18,15,16,3,13
291,1,4,5,19,16,13,9
291,2,12,20,3,1,7,15
291,3,16,8,10,17,18,6
291,4,6,14,5,2,11,15
291,5,13,9,1,17,15,7
291,6,8,18,20,11,2,3
291,7,7,16,9,14,4,10
291,8,13,10,5,18,19,1
291,9,20,4,8,11,6,12
291,10,3,2,17,19,14,12
292,1,5,3,20,4,17,9
292,2,15,12,7,8,19,10
292,3,1,6,18,14,2,16
292,4,9,11,12,14,5,13
292,5,1,19,10,20,8,3
292,6,18,7,4,11,19,6
292,7,17,13,16,15,8,2
292,8,11,1,14,5,16,7
292,9,6,20,13,9,3,18
292,10,10,15,2,12,17,4
293,1,12,1,13,5,7,8
293,2,18,14,15,20,3,4
293,3,9,17,12,16,11,6
293,4,2,6,3,7,10,15
293,5,19,5,2,13,4,20
293,6,14,17,7,9,18,8
293,7,19,18,16,15,12,11
293,8,4,2,9,10,1,11
293,9,3,16,8,10,20,5
293,10,14,19,6,13,1,17
294,1,17,7,19,12,20,13
294,2,15,5,4,1,8,6
294,3,10,11,2,8,13,18
294,4,16,3,6,19,14,9
294,5,20,9,1,18,7,10
294,6,13,8,12,4,16,14
294,7,7,19,11,17,15,2
294,8,5,10,20,6,17,16
294,9,3,4,18,2,12,1
294,10,11,15,14,3,5,9
295,1,18,12,5,7,2,14
295,2,13,14,1,20,3,11
295,3,8,2,5,9,19,6
295,4,10,12,15,3,13,11
295,5,4,17,20,16,15,1
295,6,8,7,17,10,6,3
295,7,2,16,18,4,9,19
295,8,14,13,9,15,20,7
295,9,6,11,10,18,4,5
295,10,1,8,17,12,16,19
296,1,20,8,11,17,18,4
296,2,15,18,6,16,13,2
296,3,17,9,3,1,5,12
296,4,7,20,4,19,10,14
296,5,11,13,16,8,7,3
296,6,2,6,19,14,1,15
296,7,12,20,8,2,9,10
296,8,19,4,13,3,5,15
296,9,9,1,7,6,11,17
296,10,5,10,14,18,12,16
297,1,1,15,19,13,8,18
297,2,17,2,7,5,4,3
297,3,11,14,12,6,10,19
297,4,18,15,20,8,16,9
297,5,20,6,13,17,14,4
297,6,16,1,2,11,10,5
297,7,9,10,15,4,12,7
297,8,3,7,1,14,6,8
297,9,5,12,18,11,19,20
297,10,16,3,17,13,2,9
298,1,4,9,8,14,11,13
298,2,7,16,6,1,20,2
298,3,10,3,18,15,17,12
298,4,6,19,3,9,5,8
298,5,16,13,5,4,18,7
298,6,14,15,11,20,2,17
298,7,19,18,9,10,1,13
298,8,8,4,12,2,6,3
298,9,17,11,10,7,19,16
298,10,15,5,14,12,20,1
299,1,5,17,10,20,4,19
299,2,3,13,16,11,7,12
299,3,8,19,20,6,13,2
299,4,14,4,16,1,15,10
299,5,18,5,7,19,14,3
299,6,12,1,11,2,9,20
299,7,9,18,8,16,14,17
299,8,15,6,4,12,8,7
299,9,13,2,1,10,3,18
299,10,11,17,9,5,15,6
300,1,4,3,19,15,1,16
300,2,20,12,13,7,6,18
300,3,2,10,3,8,14,5
300,4,6,11,4,9,18,10
300,5,19,14,2,7,9,15
300,6,1,17,9,13,12,5
300,7,8,16,19,3,11,20
300,8,12,13,14,17,2,4
300,9,10,20,15,5,16,6
300,10,7,8,17,18,1,11
